schedule,start_evaporation,end_evaporation,curve,iteration,evaporation
linear,0.90000000,0.20000000,1.00000000,0,0.90000000
linear,0.90000000,0.20000000,1.00000000,1,0.88571429
linear,0.90000000,0.20000000,1.00000000,2,0.87142857
linear,0.90000000,0.20000000,1.00000000,3,0.85714286
linear,0.90000000,0.20000000,1.00000000,4,0.84285714
linear,0.90000000,0.20000000,1.00000000,5,0.82857143
linear,0.90000000,0.20000000,1.00000000,6,0.81428571
linear,0.90000000,0.20000000,1.00000000,7,0.80000000
linear,0.90000000,0.20000000,1.00000000,8,0.78571429
linear,0.90000000,0.20000000,1.00000000,9,0.77142857
linear,0.90000000,0.20000000,1.00000000,10,0.75714286
linear,0.90000000,0.20000000,1.00000000,11,0.74285714
linear,0.90000000,0.20000000,1.00000000,12,0.72857143
linear,0.90000000,0.20000000,1.00000000,13,0.71428571
linear,0.90000000,0.20000000,1.00000000,14,0.70000000
linear,0.90000000,0.20000000,1.00000000,15,0.68571429
linear,0.90000000,0.20000000,1.00000000,16,0.67142857
linear,0.90000000,0.20000000,1.00000000,17,0.65714286
linear,0.90000000,0.20000000,1.00000000,18,0.64285714
linear,0.90000000,0.20000000,1.00000000,19,0.62857143
linear,0.90000000,0.20000000,1.00000000,20,0.61428571
linear,0.90000000,0.20000000,1.00000000,21,0.60000000
linear,0.90000000,0.20000000,1.00000000,22,0.58571429
linear,0.90000000,0.20000000,1.00000000,23,0.57142857
linear,0.90000000,0.20000000,1.00000000,24,0.55714286
linear,0.90000000,0.20000000,1.00000000,25,0.54285714
linear,0.90000000,0.20000000,1.00000000,26,0.52857143
linear,0.90000000,0.20000000,1.00000000,27,0.51428571
linear,0.90000000,0.20000000,1.00000000,28,0.50000000
linear,0.90000000,0.20000000,1.00000000,29,0.48571429
linear,0.90000000,0.20000000,1.00000000,30,0.47142857
linear,0.90000000,0.20000000,1.00000000,31,0.45714286
linear,0.90000000,0.20000000,1.00000000,32,0.44285714
linear,0.90000000,0.20000000,1.00000000,33,0.42857143
linear,0.90000000,0.20000000,1.00000000,34,0.41428571
linear,0.90000000,0.20000000,1.00000000,35,0.40000000
linear,0.90000000,0.20000000,1.00000000,36,0.38571429
linear,0.90000000,0.20000000,1.00000000,37,0.37142857
linear,0.90000000,0.20000000,1.00000000,38,0.35714286
linear,0.90000000,0.20000000,1.00000000,39,0.34285714
linear,0.90000000,0.20000000,1.00000000,40,0.32857143
linear,0.90000000,0.20000000,1.00000000,41,0.31428571
linear,0.90000000,0.20000000,1.00000000,42,0.30000000
linear,0.90000000,0.20000000,1.00000000,43,0.28571429
linear,0.90000000,0.20000000,1.00000000,44,0.27142857
linear,0.90000000,0.20000000,1.00000000,45,0.25714286
linear,0.90000000,0.20000000,1.00000000,46,0.24285714
linear,0.90000000,0.20000000,1.00000000,47,0.22857143
linear,0.90000000,0.20000000,1.00000000,48,0.21428571
linear,0.90000000,0.20000000,1.00000000,49,0.20000000
exponential,0.90000000,0.20000000,-4.00000000,0,0.90000000
exponential,0.90000000,0.20000000,-4.00000000,1,0.84410353
exponential,0.90000000,0.20000000,-4.00000000,2,0.79258877
exponential,0.90000000,0.20000000,-4.00000000,3,0.74511222
exponential,0.90000000,0.20000000,-4.00000000,4,0.70135734
exponential,0.90000000,0.20000000,-4.00000000,5,0.66103238
exponential,0.90000000,0.20000000,-4.00000000,6,0.62386848
exponential,0.90000000,0.20000000,-4.00000000,7,0.58961784
exponential,0.90000000,0.20000000,-4.00000000,8,0.55805209
exponential,0.90000000,0.20000000,-4.00000000,9,0.52896077
exponential,0.90000000,0.20000000,-4.00000000,10,0.50214990
exponential,0.90000000,0.20000000,-4.00000000,11,0.47744073
exponential,0.90000000,0.20000000,-4.00000000,12,0.45466849
exponential,0.90000000,0.20000000,-4.00000000,13,0.43368136
exponential,0.90000000,0.20000000,-4.00000000,14,0.41433941
exponential,0.90000000,0.20000000,-4.00000000,15,0.39651366
exponential,0.90000000,0.20000000,-4.00000000,16,0.38008526
exponential,0.90000000,0.20000000,-4.00000000,17,0.36494468
exponential,0.90000000,0.20000000,-4.00000000,18,0.35099096
exponential,0.90000000,0.20000000,-4.00000000,19,0.33813106
exponential,0.90000000,0.20000000,-4.00000000,20,0.32627925
exponential,0.90000000,0.20000000,-4.00000000,21,0.31535650
exponential,0.90000000,0.20000000,-4.00000000,22,0.30528998
exponential,0.90000000,0.20000000,-4.00000000,23,0.29601256
exponential,0.90000000,0.20000000,-4.00000000,24,0.28746240
exponential,0.90000000,0.20000000,-4.00000000,25,0.27958248
exponential,0.90000000,0.20000000,-4.00000000,26,0.27232027
exponential,0.90000000,0.20000000,-4.00000000,27,0.26562733
exponential,0.90000000,0.20000000,-4.00000000,28,0.25945906
exponential,0.90000000,0.20000000,-4.00000000,29,0.25377431
exponential,0.90000000,0.20000000,-4.00000000,30,0.24853519
exponential,0.90000000,0.20000000,-4.00000000,31,0.24370675
exponential,0.90000000,0.20000000,-4.00000000,32,0.23925682
exponential,0.90000000,0.20000000,-4.00000000,33,0.23515572
exponential,0.90000000,0.20000000,-4.00000000,34,0.23137610
exponential,0.90000000,0.20000000,-4.00000000,35,0.22789276
exponential,0.90000000,0.20000000,-4.00000000,36,0.22468248
exponential,0.90000000,0.20000000,-4.00000000,37,0.22172385
exponential,0.90000000,0.20000000,-4.00000000,38,0.21899715
exponential,0.90000000,0.20000000,-4.00000000,39,0.21648419
exponential,0.90000000,0.20000000,-4.00000000,40,0.21416822
exponential,0.90000000,0.20000000,-4.00000000,41,0.21203380
exponential,0.90000000,0.20000000,-4.00000000,42,0.21006670
exponential,0.90000000,0.20000000,-4.00000000,43,0.20825380
exponential,0.90000000,0.20000000,-4.00000000,44,0.20658301
exponential,0.90000000,0.20000000,-4.00000000,45,0.20504319
exponential,0.90000000,0.20000000,-4.00000000,46,0.20362407
exponential,0.90000000,0.20000000,-4.00000000,47,0.20231621
exponential,0.90000000,0.20000000,-4.00000000,48,0.20111086
exponential,0.90000000,0.20000000,-4.00000000,49,0.20000000
exponential,0.90000000,0.20000000,-2.00000000,0,0.90000000
exponential,0.90000000,0.20000000,-2.00000000,1,0.86762191
exponential,0.90000000,0.20000000,-2.00000000,2,0.83653877
exponential,0.90000000,0.20000000,-2.00000000,3,0.80669878
exponential,0.90000000,0.20000000,-2.00000000,4,0.77805224
exponential,0.90000000,0.20000000,-2.00000000,5,0.75055139
exponential,0.90000000,0.20000000,-2.00000000,6,0.72415044
exponential,0.90000000,0.20000000,-2.00000000,7,0.69880537
exponential,0.90000000,0.20000000,-2.00000000,8,0.67447397
exponential,0.90000000,0.20000000,-2.00000000,9,0.65111570
exponential,0.90000000,0.20000000,-2.00000000,10,0.62869163
exponential,0.90000000,0.20000000,-2.00000000,11,0.60716440
exponential,0.90000000,0.20000000,-2.00000000,12,0.58649814
exponential,0.90000000,0.20000000,-2.00000000,13,0.56665842
exponential,0.90000000,0.20000000,-2.00000000,14,0.54761218
exponential,0.90000000,0.20000000,-2.00000000,15,0.52932769
exponential,0.90000000,0.20000000,-2.00000000,16,0.51177447
exponential,0.90000000,0.20000000,-2.00000000,17,0.49492329
exponential,0.90000000,0.20000000,-2.00000000,18,0.47874607
exponential,0.90000000,0.20000000,-2.00000000,19,0.46321584
exponential,0.90000000,0.20000000,-2.00000000,20,0.44830674
exponential,0.90000000,0.20000000,-2.00000000,21,0.43399393
exponential,0.90000000,0.20000000,-2.00000000,22,0.42025355
exponential,0.90000000,0.20000000,-2.00000000,23,0.40706271
exponential,0.90000000,0.20000000,-2.00000000,24,0.39439943
exponential,0.90000000,0.20000000,-2.00000000,25,0.38224261
exponential,0.90000000,0.20000000,-2.00000000,26,0.37057200
exponential,0.90000000,0.20000000,-2.00000000,27,0.35936815
exponential,0.90000000,0.20000000,-2.00000000,28,0.34861239
exponential,0.90000000,0.20000000,-2.00000000,29,0.33828681
exponential,0.90000000,0.20000000,-2.00000000,30,0.32837419
exponential,0.90000000,0.20000000,-2.00000000,31,0.31885802
exponential,0.90000000,0.20000000,-2.00000000,32,0.30972245
exponential,0.90000000,0.20000000,-2.00000000,33,0.30095225
exponential,0.90000000,0.20000000,-2.00000000,34,0.29253281
exponential,0.90000000,0.20000000,-2.00000000,35,0.28445011
exponential,0.90000000,0.20000000,-2.00000000,36,0.27669066
exponential,0.90000000,0.20000000,-2.00000000,37,0.26924156
exponential,0.90000000,0.20000000,-2.00000000,38,0.26209037
exponential,0.90000000,0.20000000,-2.00000000,39,0.25522520
exponential,0.90000000,0.20000000,-2.00000000,40,0.24863459
exponential,0.90000000,0.20000000,-2.00000000,41,0.24230758
exponential,0.90000000,0.20000000,-2.00000000,42,0.23623361
exponential,0.90000000,0.20000000,-2.00000000,43,0.23040256
exponential,0.90000000,0.20000000,-2.00000000,44,0.22480473
exponential,0.90000000,0.20000000,-2.00000000,45,0.21943077
exponential,0.90000000,0.20000000,-2.00000000,46,0.21427175
exponential,0.90000000,0.20000000,-2.00000000,47,0.20931906
exponential,0.90000000,0.20000000,-2.00000000,48,0.20456445
exponential,0.90000000,0.20000000,-2.00000000,49,0.20000000
exponential,0.90000000,0.20000000,-1.00000000,0,0.90000000
exponential,0.90000000,0.20000000,-1.00000000,1,0.87762938
exponential,0.90000000,0.20000000,-1.00000000,2,0.85571068
exponential,0.90000000,0.20000000,-1.00000000,3,0.83423476
exponential,0.90000000,0.20000000,-1.00000000,4,0.81319269
exponential,0.90000000,0.20000000,-1.00000000,5,0.79257569
exponential,0.90000000,0.20000000,-1.00000000,6,0.77237519
exponential,0.90000000,0.20000000,-1.00000000,7,0.75258276
exponential,0.90000000,0.20000000,-1.00000000,8,0.73319016
exponential,0.90000000,0.20000000,-1.00000000,9,0.71418932
exponential,0.90000000,0.20000000,-1.00000000,10,0.69557233
exponential,0.90000000,0.20000000,-1.00000000,11,0.67733142
exponential,0.90000000,0.20000000,-1.00000000,12,0.65945900
exponential,0.90000000,0.20000000,-1.00000000,13,0.64194763
exponential,0.90000000,0.20000000,-1.00000000,14,0.62479001
exponential,0.90000000,0.20000000,-1.00000000,15,0.60797899
exponential,0.90000000,0.20000000,-1.00000000,16,0.59150759
exponential,0.90000000,0.20000000,-1.00000000,17,0.57536892
exponential,0.90000000,0.20000000,-1.00000000,18,0.55955628
exponential,0.90000000,0.20000000,-1.00000000,19,0.54406308
exponential,0.90000000,0.20000000,-1.00000000,20,0.52888286
exponential,0.90000000,0.20000000,-1.00000000,21,0.51400930
exponential,0.90000000,0.20000000,-1.00000000,22,0.49943620
exponential,0.90000000,0.20000000,-1.00000000,23,0.48515750
exponential,0.90000000,0.20000000,-1.00000000,24,0.47116725
exponential,0.90000000,0.20000000,-1.00000000,25,0.45745962
exponential,0.90000000,0.20000000,-1.00000000,26,0.44402891
exponential,0.90000000,0.20000000,-1.00000000,27,0.43086951
exponential,0.90000000,0.20000000,-1.00000000,28,0.41797595
exponential,0.90000000,0.20000000,-1.00000000,29,0.40534285
exponential,0.90000000,0.20000000,-1.00000000,30,0.39296496
exponential,0.90000000,0.20000000,-1.00000000,31,0.38083712
exponential,0.90000000,0.20000000,-1.00000000,32,0.36895428
exponential,0.90000000,0.20000000,-1.00000000,33,0.35731149
exponential,0.90000000,0.20000000,-1.00000000,34,0.34590390
exponential,0.90000000,0.20000000,-1.00000000,35,0.33472676
exponential,0.90000000,0.20000000,-1.00000000,36,0.32377541
exponential,0.90000000,0.20000000,-1.00000000,37,0.31304529
exponential,0.90000000,0.20000000,-1.00000000,38,0.30253193
exponential,0.90000000,0.20000000,-1.00000000,39,0.29223096
exponential,0.90000000,0.20000000,-1.00000000,40,0.28213808
exponential,0.90000000,0.20000000,-1.00000000,41,0.27224909
exponential,0.90000000,0.20000000,-1.00000000,42,0.26255988
exponential,0.90000000,0.20000000,-1.00000000,43,0.25306639
exponential,0.90000000,0.20000000,-1.00000000,44,0.24376469
exponential,0.90000000,0.20000000,-1.00000000,45,0.23465089
exponential,0.90000000,0.20000000,-1.00000000,46,0.22572121
exponential,0.90000000,0.20000000,-1.00000000,47,0.21697192
exponential,0.90000000,0.20000000,-1.00000000,48,0.20839937
exponential,0.90000000,0.20000000,-1.00000000,49,0.20000000
exponential,0.90000000,0.20000000,1.00000000,0,0.90000000
exponential,0.90000000,0.20000000,1.00000000,1,0.89160063
exponential,0.90000000,0.20000000,1.00000000,2,0.88302808
exponential,0.90000000,0.20000000,1.00000000,3,0.87427879
exponential,0.90000000,0.20000000,1.00000000,4,0.86534911
exponential,0.90000000,0.20000000,1.00000000,5,0.85623531
exponential,0.90000000,0.20000000,1.00000000,6,0.84693361
exponential,0.90000000,0.20000000,1.00000000,7,0.83744012
exponential,0.90000000,0.20000000,1.00000000,8,0.82775091
exponential,0.90000000,0.20000000,1.00000000,9,0.81786192
exponential,0.90000000,0.20000000,1.00000000,10,0.80776904
exponential,0.90000000,0.20000000,1.00000000,11,0.79746807
exponential,0.90000000,0.20000000,1.00000000,12,0.78695471
exponential,0.90000000,0.20000000,1.00000000,13,0.77622459
exponential,0.90000000,0.20000000,1.00000000,14,0.76527324
exponential,0.90000000,0.20000000,1.00000000,15,0.75409610
exponential,0.90000000,0.20000000,1.00000000,16,0.74268851
exponential,0.90000000,0.20000000,1.00000000,17,0.73104572
exponential,0.90000000,0.20000000,1.00000000,18,0.71916288
exponential,0.90000000,0.20000000,1.00000000,19,0.70703504
exponential,0.90000000,0.20000000,1.00000000,20,0.69465715
exponential,0.90000000,0.20000000,1.00000000,21,0.68202405
exponential,0.90000000,0.20000000,1.00000000,22,0.66913049
exponential,0.90000000,0.20000000,1.00000000,23,0.65597109
exponential,0.90000000,0.20000000,1.00000000,24,0.64254038
exponential,0.90000000,0.20000000,1.00000000,25,0.62883275
exponential,0.90000000,0.20000000,1.00000000,26,0.61484250
exponential,0.90000000,0.20000000,1.00000000,27,0.60056380
exponential,0.90000000,0.20000000,1.00000000,28,0.58599070
exponential,0.90000000,0.20000000,1.00000000,29,0.57111714
exponential,0.90000000,0.20000000,1.00000000,30,0.55593692
exponential,0.90000000,0.20000000,1.00000000,31,0.54044372
exponential,0.90000000,0.20000000,1.00000000,32,0.52463108
exponential,0.90000000,0.20000000,1.00000000,33,0.50849241
exponential,0.90000000,0.20000000,1.00000000,34,0.49202101
exponential,0.90000000,0.20000000,1.00000000,35,0.47520999
exponential,0.90000000,0.20000000,1.00000000,36,0.45805237
exponential,0.90000000,0.20000000,1.00000000,37,0.44054100
exponential,0.90000000,0.20000000,1.00000000,38,0.42266858
exponential,0.90000000,0.20000000,1.00000000,39,0.40442767
exponential,0.90000000,0.20000000,1.00000000,40,0.38581068
exponential,0.90000000,0.20000000,1.00000000,41,0.36680984
exponential,0.90000000,0.20000000,1.00000000,42,0.34741724
exponential,0.90000000,0.20000000,1.00000000,43,0.32762481
exponential,0.90000000,0.20000000,1.00000000,44,0.30742431
exponential,0.90000000,0.20000000,1.00000000,45,0.28680731
exponential,0.90000000,0.20000000,1.00000000,46,0.26576524
exponential,0.90000000,0.20000000,1.00000000,47,0.24428932
exponential,0.90000000,0.20000000,1.00000000,48,0.22237062
exponential,0.90000000,0.20000000,1.00000000,49,0.20000000
exponential,0.90000000,0.20000000,2.00000000,0,0.90000000
exponential,0.90000000,0.20000000,2.00000000,1,0.89543555
exponential,0.90000000,0.20000000,2.00000000,2,0.89068094
exponential,0.90000000,0.20000000,2.00000000,3,0.88572825
exponential,0.90000000,0.20000000,2.00000000,4,0.88056923
exponential,0.90000000,0.20000000,2.00000000,5,0.87519527
exponential,0.90000000,0.20000000,2.00000000,6,0.86959744
exponential,0.90000000,0.20000000,2.00000000,7,0.86376639
exponential,0.90000000,0.20000000,2.00000000,8,0.85769242
exponential,0.90000000,0.20000000,2.00000000,9,0.85136541
exponential,0.90000000,0.20000000,2.00000000,10,0.84477480
exponential,0.90000000,0.20000000,2.00000000,11,0.83790963
exponential,0.90000000,0.20000000,2.00000000,12,0.83075844
exponential,0.90000000,0.20000000,2.00000000,13,0.82330934
exponential,0.90000000,0.20000000,2.00000000,14,0.81554989
exponential,0.90000000,0.20000000,2.00000000,15,0.80746719
exponential,0.90000000,0.20000000,2.00000000,16,0.79904775
exponential,0.90000000,0.20000000,2.00000000,17,0.79027755
exponential,0.90000000,0.20000000,2.00000000,18,0.78114198
exponential,0.90000000,0.20000000,2.00000000,19,0.77162581
exponential,0.90000000,0.20000000,2.00000000,20,0.76171319
exponential,0.90000000,0.20000000,2.00000000,21,0.75138761
exponential,0.90000000,0.20000000,2.00000000,22,0.74063185
exponential,0.90000000,0.20000000,2.00000000,23,0.72942800
exponential,0.90000000,0.20000000,2.00000000,24,0.71775739
exponential,0.90000000,0.20000000,2.00000000,25,0.70560057
exponential,0.90000000,0.20000000,2.00000000,26,0.69293729
exponential,0.90000000,0.20000000,2.00000000,27,0.67974645
exponential,0.90000000,0.20000000,2.00000000,28,0.66600607
exponential,0.90000000,0.20000000,2.00000000,29,0.65169326
exponential,0.90000000,0.20000000,2.00000000,30,0.63678416
exponential,0.90000000,0.20000000,2.00000000,31,0.62125393
exponential,0.90000000,0.20000000,2.00000000,32,0.60507671
exponential,0.90000000,0.20000000,2.00000000,33,0.58822553
exponential,0.90000000,0.20000000,2.00000000,34,0.57067231
exponential,0.90000000,0.20000000,2.00000000,35,0.55238782
exponential,0.90000000,0.20000000,2.00000000,36,0.53334158
exponential,0.90000000,0.20000000,2.00000000,37,0.51350186
exponential,0.90000000,0.20000000,2.00000000,38,0.49283560
exponential,0.90000000,0.20000000,2.00000000,39,0.47130837
exponential,0.90000000,0.20000000,2.00000000,40,0.44888430
exponential,0.90000000,0.20000000,2.00000000,41,0.42552603
exponential,0.90000000,0.20000000,2.00000000,42,0.40119463
exponential,0.90000000,0.20000000,2.00000000,43,0.37584956
exponential,0.90000000,0.20000000,2.00000000,44,0.34944861
exponential,0.90000000,0.20000000,2.00000000,45,0.32194776
exponential,0.90000000,0.20000000,2.00000000,46,0.29330122
exponential,0.90000000,0.20000000,2.00000000,47,0.26346123
exponential,0.90000000,0.20000000,2.00000000,48,0.23237809
exponential,0.90000000,0.20000000,2.00000000,49,0.20000000
exponential,0.90000000,0.20000000,4.00000000,0,0.90000000
exponential,0.90000000,0.20000000,4.00000000,1,0.89888914
exponential,0.90000000,0.20000000,4.00000000,2,0.89768379
exponential,0.90000000,0.20000000,4.00000000,3,0.89637593
exponential,0.90000000,0.20000000,4.00000000,4,0.89495681
exponential,0.90000000,0.20000000,4.00000000,5,0.89341699
exponential,0.90000000,0.20000000,4.00000000,6,0.89174620
exponential,0.90000000,0.20000000,4.00000000,7,0.88993330
exponential,0.90000000,0.20000000,4.00000000,8,0.88796620
exponential,0.90000000,0.20000000,4.00000000,9,0.88583178
exponential,0.90000000,0.20000000,4.00000000,10,0.88351581
exponential,0.90000000,0.20000000,4.00000000,11,0.88100285
exponential,0.90000000,0.20000000,4.00000000,12,0.87827615
exponential,0.90000000,0.20000000,4.00000000,13,0.87531752
exponential,0.90000000,0.20000000,4.00000000,14,0.87210724
exponential,0.90000000,0.20000000,4.00000000,15,0.86862390
exponential,0.90000000,0.20000000,4.00000000,16,0.86484428
exponential,0.90000000,0.20000000,4.00000000,17,0.86074318
exponential,0.90000000,0.20000000,4.00000000,18,0.85629325
exponential,0.90000000,0.20000000,4.00000000,19,0.85146481
exponential,0.90000000,0.20000000,4.00000000,20,0.84622569
exponential,0.90000000,0.20000000,4.00000000,21,0.84054094
exponential,0.90000000,0.20000000,4.00000000,22,0.83437267
exponential,0.90000000,0.20000000,4.00000000,23,0.82767973
exponential,0.90000000,0.20000000,4.00000000,24,0.82041752
exponential,0.90000000,0.20000000,4.00000000,25,0.81253760
exponential,0.90000000,0.20000000,4.00000000,26,0.80398744
exponential,0.90000000,0.20000000,4.00000000,27,0.79471002
exponential,0.90000000,0.20000000,4.00000000,28,0.78464350
exponential,0.90000000,0.20000000,4.00000000,29,0.77372075
exponential,0.90000000,0.20000000,4.00000000,30,0.76186894
exponential,0.90000000,0.20000000,4.00000000,31,0.74900904
exponential,0.90000000,0.20000000,4.00000000,32,0.73505532
exponential,0.90000000,0.20000000,4.00000000,33,0.71991474
exponential,0.90000000,0.20000000,4.00000000,34,0.70348634
exponential,0.90000000,0.20000000,4.00000000,35,0.68566059
exponential,0.90000000,0.20000000,4.00000000,36,0.66631864
exponential,0.90000000,0.20000000,4.00000000,37,0.64533151
exponential,0.90000000,0.20000000,4.00000000,38,0.62255927
exponential,0.90000000,0.20000000,4.00000000,39,0.59785010
exponential,0.90000000,0.20000000,4.00000000,40,0.57103923
exponential,0.90000000,0.20000000,4.00000000,41,0.54194791
exponential,0.90000000,0.20000000,4.00000000,42,0.51038216
exponential,0.90000000,0.20000000,4.00000000,43,0.47613152
exponential,0.90000000,0.20000000,4.00000000,44,0.43896762
exponential,0.90000000,0.20000000,4.00000000,45,0.39864266
exponential,0.90000000,0.20000000,4.00000000,46,0.35488778
exponential,0.90000000,0.20000000,4.00000000,47,0.30741123
exponential,0.90000000,0.20000000,4.00000000,48,0.25589647
exponential,0.90000000,0.20000000,4.00000000,49,0.20000000
logarithmic,0.90000000,0.20000000,-9.00000000,0,0.90000000
logarithmic,0.90000000,0.20000000,-9.00000000,1,0.89436430
logarithmic,0.90000000,0.20000000,-9.00000000,2,0.88862214
logarithmic,0.90000000,0.20000000,-9.00000000,3,0.88276944
logarithmic,0.90000000,0.20000000,-9.00000000,4,0.87680184
logarithmic,0.90000000,0.20000000,-9.00000000,5,0.87071475
logarithmic,0.90000000,0.20000000,-9.00000000,6,0.86450329
logarithmic,0.90000000,0.20000000,-9.00000000,7,0.85816226
logarithmic,0.90000000,0.20000000,-9.00000000,8,0.85168614
logarithmic,0.90000000,0.20000000,-9.00000000,9,0.84506906
logarithmic,0.90000000,0.20000000,-9.00000000,10,0.83830474
logarithmic,0.90000000,0.20000000,-9.00000000,11,0.83138647
logarithmic,0.90000000,0.20000000,-9.00000000,12,0.82430710
logarithmic,0.90000000,0.20000000,-9.00000000,13,0.81705893
logarithmic,0.90000000,0.20000000,-9.00000000,14,0.80963371
logarithmic,0.90000000,0.20000000,-9.00000000,15,0.80202259
logarithmic,0.90000000,0.20000000,-9.00000000,16,0.79421601
logarithmic,0.90000000,0.20000000,-9.00000000,17,0.78620367
logarithmic,0.90000000,0.20000000,-9.00000000,18,0.77797443
logarithmic,0.90000000,0.20000000,-9.00000000,19,0.76951622
logarithmic,0.90000000,0.20000000,-9.00000000,20,0.76081593
logarithmic,0.90000000,0.20000000,-9.00000000,21,0.75185929
logarithmic,0.90000000,0.20000000,-9.00000000,22,0.74263074
logarithmic,0.90000000,0.20000000,-9.00000000,23,0.73311325
logarithmic,0.90000000,0.20000000,-9.00000000,24,0.72328814
logarithmic,0.90000000,0.20000000,-9.00000000,25,0.71313486
logarithmic,0.90000000,0.20000000,-9.00000000,26,0.70263072
logarithmic,0.90000000,0.20000000,-9.00000000,27,0.69175061
logarithmic,0.90000000,0.20000000,-9.00000000,28,0.68046661
logarithmic,0.90000000,0.20000000,-9.00000000,29,0.66874758
logarithmic,0.90000000,0.20000000,-9.00000000,30,0.65655862
logarithmic,0.90000000,0.20000000,-9.00000000,31,0.64386046
logarithmic,0.90000000,0.20000000,-9.00000000,32,0.63060870
logarithmic,0.90000000,0.20000000,-9.00000000,33,0.61675286
logarithmic,0.90000000,0.20000000,-9.00000000,34,0.60223522
logarithmic,0.90000000,0.20000000,-9.00000000,35,0.58698938
logarithmic,0.90000000,0.20000000,-9.00000000,36,0.57093841
logarithmic,0.90000000,0.20000000,-9.00000000,37,0.55399250
logarithmic,0.90000000,0.20000000,-9.00000000,38,0.53604594
logarithmic,0.90000000,0.20000000,-9.00000000,39,0.51697310
logarithmic,0.90000000,0.20000000,-9.00000000,40,0.49662309
logarithmic,0.90000000,0.20000000,-9.00000000,41,0.47481250
logarithmic,0.90000000,0.20000000,-9.00000000,42,0.45131536
logarithmic,0.90000000,0.20000000,-9.00000000,43,0.42584880
logarithmic,0.90000000,0.20000000,-9.00000000,44,0.39805224
logarithmic,0.90000000,0.20000000,-9.00000000,45,0.36745599
logarithmic,0.90000000,0.20000000,-9.00000000,46,0.33343226
logarithmic,0.90000000,0.20000000,-9.00000000,47,0.29511511
logarithmic,0.90000000,0.20000000,-9.00000000,48,0.25126234
logarithmic,0.90000000,0.20000000,-9.00000000,49,0.20000000
logarithmic,0.90000000,0.20000000,-3.00000000,0,0.90000000
logarithmic,0.90000000,0.20000000,-3.00000000,1,0.89221152
logarithmic,0.90000000,0.20000000,-3.00000000,2,0.88430102
logarithmic,0.90000000,0.20000000,-3.00000000,3,0.87626462
logarithmic,0.90000000,0.20000000,-3.00000000,4,0.86809824
logarithmic,0.90000000,0.20000000,-3.00000000,5,0.85979762
logarithmic,0.90000000,0.20000000,-3.00000000,6,0.85135826
logarithmic,0.90000000,0.20000000,-3.00000000,7,0.84277544
logarithmic,0.90000000,0.20000000,-3.00000000,8,0.83404422
logarithmic,0.90000000,0.20000000,-3.00000000,9,0.82515936
logarithmic,0.90000000,0.20000000,-3.00000000,10,0.81611536
logarithmic,0.90000000,0.20000000,-3.00000000,11,0.80690641
logarithmic,0.90000000,0.20000000,-3.00000000,12,0.79752639
logarithmic,0.90000000,0.20000000,-3.00000000,13,0.78796882
logarithmic,0.90000000,0.20000000,-3.00000000,14,0.77822684
logarithmic,0.90000000,0.20000000,-3.00000000,15,0.76829321
logarithmic,0.90000000,0.20000000,-3.00000000,16,0.75816023
logarithmic,0.90000000,0.20000000,-3.00000000,17,0.74781974
logarithmic,0.90000000,0.20000000,-3.00000000,18,0.73726305
logarithmic,0.90000000,0.20000000,-3.00000000,19,0.72648093
logarithmic,0.90000000,0.20000000,-3.00000000,20,0.71546355
logarithmic,0.90000000,0.20000000,-3.00000000,21,0.70420041
logarithmic,0.90000000,0.20000000,-3.00000000,22,0.69268029
logarithmic,0.90000000,0.20000000,-3.00000000,23,0.68089119
logarithmic,0.90000000,0.20000000,-3.00000000,24,0.66882026
logarithmic,0.90000000,0.20000000,-3.00000000,25,0.65645369
logarithmic,0.90000000,0.20000000,-3.00000000,26,0.64377662
logarithmic,0.90000000,0.20000000,-3.00000000,27,0.63077307
logarithmic,0.90000000,0.20000000,-3.00000000,28,0.61742578
logarithmic,0.90000000,0.20000000,-3.00000000,29,0.60371607
logarithmic,0.90000000,0.20000000,-3.00000000,30,0.58962371
logarithmic,0.90000000,0.20000000,-3.00000000,31,0.57512674
logarithmic,0.90000000,0.20000000,-3.00000000,32,0.56020122
logarithmic,0.90000000,0.20000000,-3.00000000,33,0.54482105
logarithmic,0.90000000,0.20000000,-3.00000000,34,0.52895765
logarithmic,0.90000000,0.20000000,-3.00000000,35,0.51257968
logarithmic,0.90000000,0.20000000,-3.00000000,36,0.49565262
logarithmic,0.90000000,0.20000000,-3.00000000,37,0.47813838
logarithmic,0.90000000,0.20000000,-3.00000000,38,0.45999476
logarithmic,0.90000000,0.20000000,-3.00000000,39,0.44117482
logarithmic,0.90000000,0.20000000,-3.00000000,40,0.42162618
logarithmic,0.90000000,0.20000000,-3.00000000,41,0.40129015
logarithmic,0.90000000,0.20000000,-3.00000000,42,0.38010061
logarithmic,0.90000000,0.20000000,-3.00000000,43,0.35798277
logarithmic,0.90000000,0.20000000,-3.00000000,44,0.33485155
logarithmic,0.90000000,0.20000000,-3.00000000,45,0.31060962
logarithmic,0.90000000,0.20000000,-3.00000000,46,0.28514490
logarithmic,0.90000000,0.20000000,-3.00000000,47,0.25832745
logarithmic,0.90000000,0.20000000,-3.00000000,48,0.23000546
logarithmic,0.90000000,0.20000000,-3.00000000,49,0.20000000
logarithmic,0.90000000,0.20000000,-1.00000000,0,0.90000000
logarithmic,0.90000000,0.20000000,-1.00000000,1,0.88964210
logarithmic,0.90000000,0.20000000,-1.00000000,2,0.87917686
logarithmic,0.90000000,0.20000000,-1.00000000,3,0.86860203
logarithmic,0.90000000,0.20000000,-1.00000000,4,0.85791531
logarithmic,0.90000000,0.20000000,-1.00000000,5,0.84711428
logarithmic,0.90000000,0.20000000,-1.00000000,6,0.83619648
logarithmic,0.90000000,0.20000000,-1.00000000,7,0.82515936
logarithmic,0.90000000,0.20000000,-1.00000000,8,0.81400028
logarithmic,0.90000000,0.20000000,-1.00000000,9,0.80271651
logarithmic,0.90000000,0.20000000,-1.00000000,10,0.79130524
logarithmic,0.90000000,0.20000000,-1.00000000,11,0.77976356
logarithmic,0.90000000,0.20000000,-1.00000000,12,0.76808844
logarithmic,0.90000000,0.20000000,-1.00000000,13,0.75627676
logarithmic,0.90000000,0.20000000,-1.00000000,14,0.74432531
logarithmic,0.90000000,0.20000000,-1.00000000,15,0.73223071
logarithmic,0.90000000,0.20000000,-1.00000000,16,0.71998951
logarithmic,0.90000000,0.20000000,-1.00000000,17,0.70759811
logarithmic,0.90000000,0.20000000,-1.00000000,18,0.69505278
logarithmic,0.90000000,0.20000000,-1.00000000,19,0.68234963
logarithmic,0.90000000,0.20000000,-1.00000000,20,0.66948466
logarithmic,0.90000000,0.20000000,-1.00000000,21,0.65645369
logarithmic,0.90000000,0.20000000,-1.00000000,22,0.64325237
logarithmic,0.90000000,0.20000000,-1.00000000,23,0.62987619
logarithmic,0.90000000,0.20000000,-1.00000000,24,0.61632047
logarithmic,0.90000000,0.20000000,-1.00000000,25,0.60258030
logarithmic,0.90000000,0.20000000,-1.00000000,26,0.58865061
logarithmic,0.90000000,0.20000000,-1.00000000,27,0.57452609
logarithmic,0.90000000,0.20000000,-1.00000000,28,0.56020122
logarithmic,0.90000000,0.20000000,-1.00000000,29,0.54567023
logarithmic,0.90000000,0.20000000,-1.00000000,30,0.53092710
logarithmic,0.90000000,0.20000000,-1.00000000,31,0.51596554
logarithmic,0.90000000,0.20000000,-1.00000000,32,0.50077899
logarithmic,0.90000000,0.20000000,-1.00000000,33,0.48536058
logarithmic,0.90000000,0.20000000,-1.00000000,34,0.46970311
logarithmic,0.90000000,0.20000000,-1.00000000,35,0.45379906
logarithmic,0.90000000,0.20000000,-1.00000000,36,0.43764053
logarithmic,0.90000000,0.20000000,-1.00000000,37,0.42121925
logarithmic,0.90000000,0.20000000,-1.00000000,38,0.40452653
logarithmic,0.90000000,0.20000000,-1.00000000,39,0.38755324
logarithmic,0.90000000,0.20000000,-1.00000000,40,0.37028981
logarithmic,0.90000000,0.20000000,-1.00000000,41,0.35272612
logarithmic,0.90000000,0.20000000,-1.00000000,42,0.33485155
logarithmic,0.90000000,0.20000000,-1.00000000,43,0.31665491
logarithmic,0.90000000,0.20000000,-1.00000000,44,0.29812436
logarithmic,0.90000000,0.20000000,-1.00000000,45,0.27924743
logarithmic,0.90000000,0.20000000,-1.00000000,46,0.26001091
logarithmic,0.90000000,0.20000000,-1.00000000,47,0.24040085
logarithmic,0.90000000,0.20000000,-1.00000000,48,0.22040244
logarithmic,0.90000000,0.20000000,-1.00000000,49,0.20000000
logarithmic,0.90000000,0.20000000,1.00000000,0,0.90000000
logarithmic,0.90000000,0.20000000,1.00000000,1,0.87959756
logarithmic,0.90000000,0.20000000,1.00000000,2,0.85959915
logarithmic,0.90000000,0.20000000,1.00000000,3,0.83998909
logarithmic,0.90000000,0.20000000,1.00000000,4,0.82075257
logarithmic,0.90000000,0.20000000,1.00000000,5,0.80187564
logarithmic,0.90000000,0.20000000,1.00000000,6,0.78334509
logarithmic,0.90000000,0.20000000,1.00000000,7,0.76514845
logarithmic,0.90000000,0.20000000,1.00000000,8,0.74727388
logarithmic,0.90000000,0.20000000,1.00000000,9,0.72971019
logarithmic,0.90000000,0.20000000,1.00000000,10,0.71244676
logarithmic,0.90000000,0.20000000,1.00000000,11,0.69547347
logarithmic,0.90000000,0.20000000,1.00000000,12,0.67878075
logarithmic,0.90000000,0.20000000,1.00000000,13,0.66235947
logarithmic,0.90000000,0.20000000,1.00000000,14,0.64620094
logarithmic,0.90000000,0.20000000,1.00000000,15,0.63029689
logarithmic,0.90000000,0.20000000,1.00000000,16,0.61463942
logarithmic,0.90000000,0.20000000,1.00000000,17,0.59922101
logarithmic,0.90000000,0.20000000,1.00000000,18,0.58403446
logarithmic,0.90000000,0.20000000,1.00000000,19,0.56907290
logarithmic,0.90000000,0.20000000,1.00000000,20,0.55432977
logarithmic,0.90000000,0.20000000,1.00000000,21,0.53979878
logarithmic,0.90000000,0.20000000,1.00000000,22,0.52547391
logarithmic,0.90000000,0.20000000,1.00000000,23,0.51134939
logarithmic,0.90000000,0.20000000,1.00000000,24,0.49741970
logarithmic,0.90000000,0.20000000,1.00000000,25,0.48367953
logarithmic,0.90000000,0.20000000,1.00000000,26,0.47012381
logarithmic,0.90000000,0.20000000,1.00000000,27,0.45674763
logarithmic,0.90000000,0.20000000,1.00000000,28,0.44354631
logarithmic,0.90000000,0.20000000,1.00000000,29,0.43051534
logarithmic,0.90000000,0.20000000,1.00000000,30,0.41765037
logarithmic,0.90000000,0.20000000,1.00000000,31,0.40494722
logarithmic,0.90000000,0.20000000,1.00000000,32,0.39240189
logarithmic,0.90000000,0.20000000,1.00000000,33,0.38001049
logarithmic,0.90000000,0.20000000,1.00000000,34,0.36776929
logarithmic,0.90000000,0.20000000,1.00000000,35,0.35567469
logarithmic,0.90000000,0.20000000,1.00000000,36,0.34372324
logarithmic,0.90000000,0.20000000,1.00000000,37,0.33191156
logarithmic,0.90000000,0.20000000,1.00000000,38,0.32023644
logarithmic,0.90000000,0.20000000,1.00000000,39,0.30869476
logarithmic,0.90000000,0.20000000,1.00000000,40,0.29728349
logarithmic,0.90000000,0.20000000,1.00000000,41,0.28599972
logarithmic,0.90000000,0.20000000,1.00000000,42,0.27484064
logarithmic,0.90000000,0.20000000,1.00000000,43,0.26380352
logarithmic,0.90000000,0.20000000,1.00000000,44,0.25288572
logarithmic,0.90000000,0.20000000,1.00000000,45,0.24208469
logarithmic,0.90000000,0.20000000,1.00000000,46,0.23139797
logarithmic,0.90000000,0.20000000,1.00000000,47,0.22082314
logarithmic,0.90000000,0.20000000,1.00000000,48,0.21035790
logarithmic,0.90000000,0.20000000,1.00000000,49,0.20000000
logarithmic,0.90000000,0.20000000,3.00000000,0,0.90000000
logarithmic,0.90000000,0.20000000,3.00000000,1,0.86999454
logarithmic,0.90000000,0.20000000,3.00000000,2,0.84167255
logarithmic,0.90000000,0.20000000,3.00000000,3,0.81485510
logarithmic,0.90000000,0.20000000,3.00000000,4,0.78939038
logarithmic,0.90000000,0.20000000,3.00000000,5,0.76514845
logarithmic,0.90000000,0.20000000,3.00000000,6,0.74201723
logarithmic,0.90000000,0.20000000,3.00000000,7,0.71989939
logarithmic,0.90000000,0.20000000,3.00000000,8,0.69870985
logarithmic,0.90000000,0.20000000,3.00000000,9,0.67837382
logarithmic,0.90000000,0.20000000,3.00000000,10,0.65882518
logarithmic,0.90000000,0.20000000,3.00000000,11,0.64000524
logarithmic,0.90000000,0.20000000,3.00000000,12,0.62186162
logarithmic,0.90000000,0.20000000,3.00000000,13,0.60434738
logarithmic,0.90000000,0.20000000,3.00000000,14,0.58742032
logarithmic,0.90000000,0.20000000,3.00000000,15,0.57104235
logarithmic,0.90000000,0.20000000,3.00000000,16,0.55517895
logarithmic,0.90000000,0.20000000,3.00000000,17,0.53979878
logarithmic,0.90000000,0.20000000,3.00000000,18,0.52487326
logarithmic,0.90000000,0.20000000,3.00000000,19,0.51037629
logarithmic,0.90000000,0.20000000,3.00000000,20,0.49628393
logarithmic,0.90000000,0.20000000,3.00000000,21,0.48257422
logarithmic,0.90000000,0.20000000,3.00000000,22,0.46922693
logarithmic,0.90000000,0.20000000,3.00000000,23,0.45622338
logarithmic,0.90000000,0.20000000,3.00000000,24,0.44354631
logarithmic,0.90000000,0.20000000,3.00000000,25,0.43117974
logarithmic,0.90000000,0.20000000,3.00000000,26,0.41910881
logarithmic,0.90000000,0.20000000,3.00000000,27,0.40731971
logarithmic,0.90000000,0.20000000,3.00000000,28,0.39579959
logarithmic,0.90000000,0.20000000,3.00000000,29,0.38453645
logarithmic,0.90000000,0.20000000,3.00000000,30,0.37351907
logarithmic,0.90000000,0.20000000,3.00000000,31,0.36273695
logarithmic,0.90000000,0.20000000,3.00000000,32,0.35218026
logarithmic,0.90000000,0.20000000,3.00000000,33,0.34183977
logarithmic,0.90000000,0.20000000,3.00000000,34,0.33170679
logarithmic,0.90000000,0.20000000,3.00000000,35,0.32177316
logarithmic,0.90000000,0.20000000,3.00000000,36,0.31203118
logarithmic,0.90000000,0.20000000,3.00000000,37,0.30247361
logarithmic,0.90000000,0.20000000,3.00000000,38,0.29309359
logarithmic,0.90000000,0.20000000,3.00000000,39,0.28388464
logarithmic,0.90000000,0.20000000,3.00000000,40,0.27484064
logarithmic,0.90000000,0.20000000,3.00000000,41,0.26595578
logarithmic,0.90000000,0.20000000,3.00000000,42,0.25722456
logarithmic,0.90000000,0.20000000,3.00000000,43,0.24864174
logarithmic,0.90000000,0.20000000,3.00000000,44,0.24020238
logarithmic,0.90000000,0.20000000,3.00000000,45,0.23190176
logarithmic,0.90000000,0.20000000,3.00000000,46,0.22373538
logarithmic,0.90000000,0.20000000,3.00000000,47,0.21569898
logarithmic,0.90000000,0.20000000,3.00000000,48,0.20778848
logarithmic,0.90000000,0.20000000,3.00000000,49,0.20000000
logarithmic,0.90000000,0.20000000,9.00000000,0,0.90000000
logarithmic,0.90000000,0.20000000,9.00000000,1,0.84873766
logarithmic,0.90000000,0.20000000,9.00000000,2,0.80488489
logarithmic,0.90000000,0.20000000,9.00000000,3,0.76656774
logarithmic,0.90000000,0.20000000,9.00000000,4,0.73254401
logarithmic,0.90000000,0.20000000,9.00000000,5,0.70194776
logarithmic,0.90000000,0.20000000,9.00000000,6,0.67415120
logarithmic,0.90000000,0.20000000,9.00000000,7,0.64868464
logarithmic,0.90000000,0.20000000,9.00000000,8,0.62518750
logarithmic,0.90000000,0.20000000,9.00000000,9,0.60337691
logarithmic,0.90000000,0.20000000,9.00000000,10,0.58302690
logarithmic,0.90000000,0.20000000,9.00000000,11,0.56395406
logarithmic,0.90000000,0.20000000,9.00000000,12,0.54600750
logarithmic,0.90000000,0.20000000,9.00000000,13,0.52906159
logarithmic,0.90000000,0.20000000,9.00000000,14,0.51301062
logarithmic,0.90000000,0.20000000,9.00000000,15,0.49776478
logarithmic,0.90000000,0.20000000,9.00000000,16,0.48324714
logarithmic,0.90000000,0.20000000,9.00000000,17,0.46939130
logarithmic,0.90000000,0.20000000,9.00000000,18,0.45613954
logarithmic,0.90000000,0.20000000,9.00000000,19,0.44344138
logarithmic,0.90000000,0.20000000,9.00000000,20,0.43125242
logarithmic,0.90000000,0.20000000,9.00000000,21,0.41953339
logarithmic,0.90000000,0.20000000,9.00000000,22,0.40824939
logarithmic,0.90000000,0.20000000,9.00000000,23,0.39736928
logarithmic,0.90000000,0.20000000,9.00000000,24,0.38686514
logarithmic,0.90000000,0.20000000,9.00000000,25,0.37671186
logarithmic,0.90000000,0.20000000,9.00000000,26,0.36688675
logarithmic,0.90000000,0.20000000,9.00000000,27,0.35736926
logarithmic,0.90000000,0.20000000,9.00000000,28,0.34814071
logarithmic,0.90000000,0.20000000,9.00000000,29,0.33918407
logarithmic,0.90000000,0.20000000,9.00000000,30,0.33048378
logarithmic,0.90000000,0.20000000,9.00000000,31,0.32202557
logarithmic,0.90000000,0.20000000,9.00000000,32,0.31379633
logarithmic,0.90000000,0.20000000,9.00000000,33,0.30578399
logarithmic,0.90000000,0.20000000,9.00000000,34,0.29797741
logarithmic,0.90000000,0.20000000,9.00000000,35,0.29036629
logarithmic,0.90000000,0.20000000,9.00000000,36,0.28294107
logarithmic,0.90000000,0.20000000,9.00000000,37,0.27569290
logarithmic,0.90000000,0.20000000,9.00000000,38,0.26861353
logarithmic,0.90000000,0.20000000,9.00000000,39,0.26169526
logarithmic,0.90000000,0.20000000,9.00000000,40,0.25493094
logarithmic,0.90000000,0.20000000,9.00000000,41,0.24831386
logarithmic,0.90000000,0.20000000,9.00000000,42,0.24183774
logarithmic,0.90000000,0.20000000,9.00000000,43,0.23549671
logarithmic,0.90000000,0.20000000,9.00000000,44,0.22928525
logarithmic,0.90000000,0.20000000,9.00000000,45,0.22319816
logarithmic,0.90000000,0.20000000,9.00000000,46,0.21723056
logarithmic,0.90000000,0.20000000,9.00000000,47,0.21137786
logarithmic,0.90000000,0.20000000,9.00000000,48,0.20563570
logarithmic,0.90000000,0.20000000,9.00000000,49,0.20000000
linear,0.80000000,0.20000000,1.00000000,0,0.80000000
linear,0.80000000,0.20000000,1.00000000,1,0.78775510
linear,0.80000000,0.20000000,1.00000000,2,0.77551020
linear,0.80000000,0.20000000,1.00000000,3,0.76326531
linear,0.80000000,0.20000000,1.00000000,4,0.75102041
linear,0.80000000,0.20000000,1.00000000,5,0.73877551
linear,0.80000000,0.20000000,1.00000000,6,0.72653061
linear,0.80000000,0.20000000,1.00000000,7,0.71428571
linear,0.80000000,0.20000000,1.00000000,8,0.70204082
linear,0.80000000,0.20000000,1.00000000,9,0.68979592
linear,0.80000000,0.20000000,1.00000000,10,0.67755102
linear,0.80000000,0.20000000,1.00000000,11,0.66530612
linear,0.80000000,0.20000000,1.00000000,12,0.65306122
linear,0.80000000,0.20000000,1.00000000,13,0.64081633
linear,0.80000000,0.20000000,1.00000000,14,0.62857143
linear,0.80000000,0.20000000,1.00000000,15,0.61632653
linear,0.80000000,0.20000000,1.00000000,16,0.60408163
linear,0.80000000,0.20000000,1.00000000,17,0.59183673
linear,0.80000000,0.20000000,1.00000000,18,0.57959184
linear,0.80000000,0.20000000,1.00000000,19,0.56734694
linear,0.80000000,0.20000000,1.00000000,20,0.55510204
linear,0.80000000,0.20000000,1.00000000,21,0.54285714
linear,0.80000000,0.20000000,1.00000000,22,0.53061224
linear,0.80000000,0.20000000,1.00000000,23,0.51836735
linear,0.80000000,0.20000000,1.00000000,24,0.50612245
linear,0.80000000,0.20000000,1.00000000,25,0.49387755
linear,0.80000000,0.20000000,1.00000000,26,0.48163265
linear,0.80000000,0.20000000,1.00000000,27,0.46938776
linear,0.80000000,0.20000000,1.00000000,28,0.45714286
linear,0.80000000,0.20000000,1.00000000,29,0.44489796
linear,0.80000000,0.20000000,1.00000000,30,0.43265306
linear,0.80000000,0.20000000,1.00000000,31,0.42040816
linear,0.80000000,0.20000000,1.00000000,32,0.40816327
linear,0.80000000,0.20000000,1.00000000,33,0.39591837
linear,0.80000000,0.20000000,1.00000000,34,0.38367347
linear,0.80000000,0.20000000,1.00000000,35,0.37142857
linear,0.80000000,0.20000000,1.00000000,36,0.35918367
linear,0.80000000,0.20000000,1.00000000,37,0.34693878
linear,0.80000000,0.20000000,1.00000000,38,0.33469388
linear,0.80000000,0.20000000,1.00000000,39,0.32244898
linear,0.80000000,0.20000000,1.00000000,40,0.31020408
linear,0.80000000,0.20000000,1.00000000,41,0.29795918
linear,0.80000000,0.20000000,1.00000000,42,0.28571429
linear,0.80000000,0.20000000,1.00000000,43,0.27346939
linear,0.80000000,0.20000000,1.00000000,44,0.26122449
linear,0.80000000,0.20000000,1.00000000,45,0.24897959
linear,0.80000000,0.20000000,1.00000000,46,0.23673469
linear,0.80000000,0.20000000,1.00000000,47,0.22448980
linear,0.80000000,0.20000000,1.00000000,48,0.21224490
linear,0.80000000,0.20000000,1.00000000,49,0.20000000
exponential,0.80000000,0.20000000,-4.00000000,0,0.80000000
exponential,0.80000000,0.20000000,-4.00000000,1,0.75208874
exponential,0.80000000,0.20000000,-4.00000000,2,0.70793323
exponential,0.80000000,0.20000000,-4.00000000,3,0.66723904
exponential,0.80000000,0.20000000,-4.00000000,4,0.62973486
exponential,0.80000000,0.20000000,-4.00000000,5,0.59517061
exponential,0.80000000,0.20000000,-4.00000000,6,0.56331584
exponential,0.80000000,0.20000000,-4.00000000,7,0.53395815
exponential,0.80000000,0.20000000,-4.00000000,8,0.50690179
exponential,0.80000000,0.20000000,-4.00000000,9,0.48196637
exponential,0.80000000,0.20000000,-4.00000000,10,0.45898563
exponential,0.80000000,0.20000000,-4.00000000,11,0.43780634
exponential,0.80000000,0.20000000,-4.00000000,12,0.41828728
exponential,0.80000000,0.20000000,-4.00000000,13,0.40029831
exponential,0.80000000,0.20000000,-4.00000000,14,0.38371949
exponential,0.80000000,0.20000000,-4.00000000,15,0.36844028
exponential,0.80000000,0.20000000,-4.00000000,16,0.35435879
exponential,0.80000000,0.20000000,-4.00000000,17,0.34138115
exponential,0.80000000,0.20000000,-4.00000000,18,0.32942082
exponential,0.80000000,0.20000000,-4.00000000,19,0.31839806
exponential,0.80000000,0.20000000,-4.00000000,20,0.30823936
exponential,0.80000000,0.20000000,-4.00000000,21,0.29887700
exponential,0.80000000,0.20000000,-4.00000000,22,0.29024855
exponential,0.80000000,0.20000000,-4.00000000,23,0.28229648
exponential,0.80000000,0.20000000,-4.00000000,24,0.27496777
exponential,0.80000000,0.20000000,-4.00000000,25,0.26821356
exponential,0.80000000,0.20000000,-4.00000000,26,0.26198880
exponential,0.80000000,0.20000000,-4.00000000,27,0.25625200
exponential,0.80000000,0.20000000,-4.00000000,28,0.25096491
exponential,0.80000000,0.20000000,-4.00000000,29,0.24609227
exponential,0.80000000,0.20000000,-4.00000000,30,0.24160159
exponential,0.80000000,0.20000000,-4.00000000,31,0.23746293
exponential,0.80000000,0.20000000,-4.00000000,32,0.23364871
exponential,0.80000000,0.20000000,-4.00000000,33,0.23013347
exponential,0.80000000,0.20000000,-4.00000000,34,0.22689380
exponential,0.80000000,0.20000000,-4.00000000,35,0.22390808
exponential,0.80000000,0.20000000,-4.00000000,36,0.22115641
exponential,0.80000000,0.20000000,-4.00000000,37,0.21862044
exponential,0.80000000,0.20000000,-4.00000000,38,0.21628327
exponential,0.80000000,0.20000000,-4.00000000,39,0.21412931
exponential,0.80000000,0.20000000,-4.00000000,40,0.21214419
exponential,0.80000000,0.20000000,-4.00000000,41,0.21031469
exponential,0.80000000,0.20000000,-4.00000000,42,0.20862860
exponential,0.80000000,0.20000000,-4.00000000,43,0.20707468
exponential,0.80000000,0.20000000,-4.00000000,44,0.20564258
exponential,0.80000000,0.20000000,-4.00000000,45,0.20432273
exponential,0.80000000,0.20000000,-4.00000000,46,0.20310635
exponential,0.80000000,0.20000000,-4.00000000,47,0.20198532
exponential,0.80000000,0.20000000,-4.00000000,48,0.20095217
exponential,0.80000000,0.20000000,-4.00000000,49,0.20000000
exponential,0.80000000,0.20000000,-2.00000000,0,0.80000000
exponential,0.80000000,0.20000000,-2.00000000,1,0.77224735
exponential,0.80000000,0.20000000,-2.00000000,2,0.74560466
exponential,0.80000000,0.20000000,-2.00000000,3,0.72002753
exponential,0.80000000,0.20000000,-2.00000000,4,0.69547335
exponential,0.80000000,0.20000000,-2.00000000,5,0.67190120
exponential,0.80000000,0.20000000,-2.00000000,6,0.64927180
exponential,0.80000000,0.20000000,-2.00000000,7,0.62754746
exponential,0.80000000,0.20000000,-2.00000000,8,0.60669198
exponential,0.80000000,0.20000000,-2.00000000,9,0.58667060
exponential,0.80000000,0.20000000,-2.00000000,10,0.56744997
exponential,0.80000000,0.20000000,-2.00000000,11,0.54899806
exponential,0.80000000,0.20000000,-2.00000000,12,0.53128412
exponential,0.80000000,0.20000000,-2.00000000,13,0.51427865
exponential,0.80000000,0.20000000,-2.00000000,14,0.49795330
exponential,0.80000000,0.20000000,-2.00000000,15,0.48228087
exponential,0.80000000,0.20000000,-2.00000000,16,0.46723526
exponential,0.80000000,0.20000000,-2.00000000,17,0.45279139
exponential,0.80000000,0.20000000,-2.00000000,18,0.43892520
exponential,0.80000000,0.20000000,-2.00000000,19,0.42561358
exponential,0.80000000,0.20000000,-2.00000000,20,0.41283435
exponential,0.80000000,0.20000000,-2.00000000,21,0.40056622
exponential,0.80000000,0.20000000,-2.00000000,22,0.38878875
exponential,0.80000000,0.20000000,-2.00000000,23,0.37748232
exponential,0.80000000,0.20000000,-2.00000000,24,0.36662808
exponential,0.80000000,0.20000000,-2.00000000,25,0.35620795
exponential,0.80000000,0.20000000,-2.00000000,26,0.34620457
exponential,0.80000000,0.20000000,-2.00000000,27,0.33660127
exponential,0.80000000,0.20000000,-2.00000000,28,0.32738205
exponential,0.80000000,0.20000000,-2.00000000,29,0.31853155
exponential,0.80000000,0.20000000,-2.00000000,30,0.31003502
exponential,0.80000000,0.20000000,-2.00000000,31,0.30187831
exponential,0.80000000,0.20000000,-2.00000000,32,0.29404781
exponential,0.80000000,0.20000000,-2.00000000,33,0.28653050
exponential,0.80000000,0.20000000,-2.00000000,34,0.27931384
exponential,0.80000000,0.20000000,-2.00000000,35,0.27238581
exponential,0.80000000,0.20000000,-2.00000000,36,0.26573485
exponential,0.80000000,0.20000000,-2.00000000,37,0.25934991
exponential,0.80000000,0.20000000,-2.00000000,38,0.25322032
exponential,0.80000000,0.20000000,-2.00000000,39,0.24733588
exponential,0.80000000,0.20000000,-2.00000000,40,0.24168679
exponential,0.80000000,0.20000000,-2.00000000,41,0.23626364
exponential,0.80000000,0.20000000,-2.00000000,42,0.23105738
exponential,0.80000000,0.20000000,-2.00000000,43,0.22605934
exponential,0.80000000,0.20000000,-2.00000000,44,0.22126119
exponential,0.80000000,0.20000000,-2.00000000,45,0.21665495
exponential,0.80000000,0.20000000,-2.00000000,46,0.21223293
exponential,0.80000000,0.20000000,-2.00000000,47,0.20798777
exponential,0.80000000,0.20000000,-2.00000000,48,0.20391239
exponential,0.80000000,0.20000000,-2.00000000,49,0.20000000
exponential,0.80000000,0.20000000,-1.00000000,0,0.80000000
exponential,0.80000000,0.20000000,-1.00000000,1,0.78082518
exponential,0.80000000,0.20000000,-1.00000000,2,0.76203772
exponential,0.80000000,0.20000000,-1.00000000,3,0.74362980
exponential,0.80000000,0.20000000,-1.00000000,4,0.72559373
exponential,0.80000000,0.20000000,-1.00000000,5,0.70792202
exponential,0.80000000,0.20000000,-1.00000000,6,0.69060730
exponential,0.80000000,0.20000000,-1.00000000,7,0.67364236
exponential,0.80000000,0.20000000,-1.00000000,8,0.65702014
exponential,0.80000000,0.20000000,-1.00000000,9,0.64073370
exponential,0.80000000,0.20000000,-1.00000000,10,0.62477628
exponential,0.80000000,0.20000000,-1.00000000,11,0.60914121
exponential,0.80000000,0.20000000,-1.00000000,12,0.59382200
exponential,0.80000000,0.20000000,-1.00000000,13,0.57881225
exponential,0.80000000,0.20000000,-1.00000000,14,0.56410572
exponential,0.80000000,0.20000000,-1.00000000,15,0.54969628
exponential,0.80000000,0.20000000,-1.00000000,16,0.53557793
exponential,0.80000000,0.20000000,-1.00000000,17,0.52174479
exponential,0.80000000,0.20000000,-1.00000000,18,0.50819110
exponential,0.80000000,0.20000000,-1.00000000,19,0.49491121
exponential,0.80000000,0.20000000,-1.00000000,20,0.48189959
exponential,0.80000000,0.20000000,-1.00000000,21,0.46915082
exponential,0.80000000,0.20000000,-1.00000000,22,0.45665960
exponential,0.80000000,0.20000000,-1.00000000,23,0.44442072
exponential,0.80000000,0.20000000,-1.00000000,24,0.43242907
exponential,0.80000000,0.20000000,-1.00000000,25,0.42067968
exponential,0.80000000,0.20000000,-1.00000000,26,0.40916763
exponential,0.80000000,0.20000000,-1.00000000,27,0.39788815
exponential,0.80000000,0.20000000,-1.00000000,28,0.38683652
exponential,0.80000000,0.20000000,-1.00000000,29,0.37600816
exponential,0.80000000,0.20000000,-1.00000000,30,0.36539854
exponential,0.80000000,0.20000000,-1.00000000,31,0.35500325
exponential,0.80000000,0.20000000,-1.00000000,32,0.34481796
exponential,0.80000000,0.20000000,-1.00000000,33,0.33483842
exponential,0.80000000,0.20000000,-1.00000000,34,0.32506049
exponential,0.80000000,0.20000000,-1.00000000,35,0.31548008
exponential,0.80000000,0.20000000,-1.00000000,36,0.30609321
exponential,0.80000000,0.20000000,-1.00000000,37,0.29689596
exponential,0.80000000,0.20000000,-1.00000000,38,0.28788451
exponential,0.80000000,0.20000000,-1.00000000,39,0.27905511
exponential,0.80000000,0.20000000,-1.00000000,40,0.27040407
exponential,0.80000000,0.20000000,-1.00000000,41,0.26192779
exponential,0.80000000,0.20000000,-1.00000000,42,0.25362275
exponential,0.80000000,0.20000000,-1.00000000,43,0.24548548
exponential,0.80000000,0.20000000,-1.00000000,44,0.23751259
exponential,0.80000000,0.20000000,-1.00000000,45,0.22970077
exponential,0.80000000,0.20000000,-1.00000000,46,0.22204675
exponential,0.80000000,0.20000000,-1.00000000,47,0.21454736
exponential,0.80000000,0.20000000,-1.00000000,48,0.20719946
exponential,0.80000000,0.20000000,-1.00000000,49,0.20000000
exponential,0.80000000,0.20000000,1.00000000,0,0.80000000
exponential,0.80000000,0.20000000,1.00000000,1,0.79280054
exponential,0.80000000,0.20000000,1.00000000,2,0.78545264
exponential,0.80000000,0.20000000,1.00000000,3,0.77795325
exponential,0.80000000,0.20000000,1.00000000,4,0.77029923
exponential,0.80000000,0.20000000,1.00000000,5,0.76248741
exponential,0.80000000,0.20000000,1.00000000,6,0.75451452
exponential,0.80000000,0.20000000,1.00000000,7,0.74637725
exponential,0.80000000,0.20000000,1.00000000,8,0.73807221
exponential,0.80000000,0.20000000,1.00000000,9,0.72959593
exponential,0.80000000,0.20000000,1.00000000,10,0.72094489
exponential,0.80000000,0.20000000,1.00000000,11,0.71211549
exponential,0.80000000,0.20000000,1.00000000,12,0.70310404
exponential,0.80000000,0.20000000,1.00000000,13,0.69390679
exponential,0.80000000,0.20000000,1.00000000,14,0.68451992
exponential,0.80000000,0.20000000,1.00000000,15,0.67493951
exponential,0.80000000,0.20000000,1.00000000,16,0.66516158
exponential,0.80000000,0.20000000,1.00000000,17,0.65518204
exponential,0.80000000,0.20000000,1.00000000,18,0.64499675
exponential,0.80000000,0.20000000,1.00000000,19,0.63460146
exponential,0.80000000,0.20000000,1.00000000,20,0.62399184
exponential,0.80000000,0.20000000,1.00000000,21,0.61316348
exponential,0.80000000,0.20000000,1.00000000,22,0.60211185
exponential,0.80000000,0.20000000,1.00000000,23,0.59083237
exponential,0.80000000,0.20000000,1.00000000,24,0.57932032
exponential,0.80000000,0.20000000,1.00000000,25,0.56757093
exponential,0.80000000,0.20000000,1.00000000,26,0.55557928
exponential,0.80000000,0.20000000,1.00000000,27,0.54334040
exponential,0.80000000,0.20000000,1.00000000,28,0.53084918
exponential,0.80000000,0.20000000,1.00000000,29,0.51810041
exponential,0.80000000,0.20000000,1.00000000,30,0.50508879
exponential,0.80000000,0.20000000,1.00000000,31,0.49180890
exponential,0.80000000,0.20000000,1.00000000,32,0.47825521
exponential,0.80000000,0.20000000,1.00000000,33,0.46442207
exponential,0.80000000,0.20000000,1.00000000,34,0.45030372
exponential,0.80000000,0.20000000,1.00000000,35,0.43589428
exponential,0.80000000,0.20000000,1.00000000,36,0.42118775
exponential,0.80000000,0.20000000,1.00000000,37,0.40617800
exponential,0.80000000,0.20000000,1.00000000,38,0.39085879
exponential,0.80000000,0.20000000,1.00000000,39,0.37522372
exponential,0.80000000,0.20000000,1.00000000,40,0.35926630
exponential,0.80000000,0.20000000,1.00000000,41,0.34297986
exponential,0.80000000,0.20000000,1.00000000,42,0.32635764
exponential,0.80000000,0.20000000,1.00000000,43,0.30939270
exponential,0.80000000,0.20000000,1.00000000,44,0.29207798
exponential,0.80000000,0.20000000,1.00000000,45,0.27440627
exponential,0.80000000,0.20000000,1.00000000,46,0.25637020
exponential,0.80000000,0.20000000,1.00000000,47,0.23796228
exponential,0.80000000,0.20000000,1.00000000,48,0.21917482
exponential,0.80000000,0.20000000,1.00000000,49,0.20000000
exponential,0.80000000,0.20000000,2.00000000,0,0.80000000
exponential,0.80000000,0.20000000,2.00000000,1,0.79608761
exponential,0.80000000,0.20000000,2.00000000,2,0.79201223
exponential,0.80000000,0.20000000,2.00000000,3,0.78776707
exponential,0.80000000,0.20000000,2.00000000,4,0.78334505
exponential,0.80000000,0.20000000,2.00000000,5,0.77873881
exponential,0.80000000,0.20000000,2.00000000,6,0.77394066
exponential,0.80000000,0.20000000,2.00000000,7,0.76894262
exponential,0.80000000,0.20000000,2.00000000,8,0.76373636
exponential,0.80000000,0.20000000,2.00000000,9,0.75831321
exponential,0.80000000,0.20000000,2.00000000,10,0.75266412
exponential,0.80000000,0.20000000,2.00000000,11,0.74677968
exponential,0.80000000,0.20000000,2.00000000,12,0.74065009
exponential,0.80000000,0.20000000,2.00000000,13,0.73426515
exponential,0.80000000,0.20000000,2.00000000,14,0.72761419
exponential,0.80000000,0.20000000,2.00000000,15,0.72068616
exponential,0.80000000,0.20000000,2.00000000,16,0.71346950
exponential,0.80000000,0.20000000,2.00000000,17,0.70595219
exponential,0.80000000,0.20000000,2.00000000,18,0.69812169
exponential,0.80000000,0.20000000,2.00000000,19,0.68996498
exponential,0.80000000,0.20000000,2.00000000,20,0.68146845
exponential,0.80000000,0.20000000,2.00000000,21,0.67261795
exponential,0.80000000,0.20000000,2.00000000,22,0.66339873
exponential,0.80000000,0.20000000,2.00000000,23,0.65379543
exponential,0.80000000,0.20000000,2.00000000,24,0.64379205
exponential,0.80000000,0.20000000,2.00000000,25,0.63337192
exponential,0.80000000,0.20000000,2.00000000,26,0.62251768
exponential,0.80000000,0.20000000,2.00000000,27,0.61121125
exponential,0.80000000,0.20000000,2.00000000,28,0.59943378
exponential,0.80000000,0.20000000,2.00000000,29,0.58716565
exponential,0.80000000,0.20000000,2.00000000,30,0.57438642
exponential,0.80000000,0.20000000,2.00000000,31,0.56107480
exponential,0.80000000,0.20000000,2.00000000,32,0.54720861
exponential,0.80000000,0.20000000,2.00000000,33,0.53276474
exponential,0.80000000,0.20000000,2.00000000,34,0.51771913
exponential,0.80000000,0.20000000,2.00000000,35,0.50204670
exponential,0.80000000,0.20000000,2.00000000,36,0.48572135
exponential,0.80000000,0.20000000,2.00000000,37,0.46871588
exponential,0.80000000,0.20000000,2.00000000,38,0.45100194
exponential,0.80000000,0.20000000,2.00000000,39,0.43255003
exponential,0.80000000,0.20000000,2.00000000,40,0.41332940
exponential,0.80000000,0.20000000,2.00000000,41,0.39330802
exponential,0.80000000,0.20000000,2.00000000,42,0.37245254
exponential,0.80000000,0.20000000,2.00000000,43,0.35072820
exponential,0.80000000,0.20000000,2.00000000,44,0.32809880
exponential,0.80000000,0.20000000,2.00000000,45,0.30452665
exponential,0.80000000,0.20000000,2.00000000,46,0.27997247
exponential,0.80000000,0.20000000,2.00000000,47,0.25439534
exponential,0.80000000,0.20000000,2.00000000,48,0.22775265
exponential,0.80000000,0.20000000,2.00000000,49,0.20000000
exponential,0.80000000,0.20000000,4.00000000,0,0.80000000
exponential,0.80000000,0.20000000,4.00000000,1,0.79904783
exponential,0.80000000,0.20000000,4.00000000,2,0.79801468
exponential,0.80000000,0.20000000,4.00000000,3,0.79689365
exponential,0.80000000,0.20000000,4.00000000,4,0.79567727
exponential,0.80000000,0.20000000,4.00000000,5,0.79435742
exponential,0.80000000,0.20000000,4.00000000,6,0.79292532
exponential,0.80000000,0.20000000,4.00000000,7,0.79137140
exponential,0.80000000,0.20000000,4.00000000,8,0.78968531
exponential,0.80000000,0.20000000,4.00000000,9,0.78785581
exponential,0.80000000,0.20000000,4.00000000,10,0.78587069
exponential,0.80000000,0.20000000,4.00000000,11,0.78371673
exponential,0.80000000,0.20000000,4.00000000,12,0.78137956
exponential,0.80000000,0.20000000,4.00000000,13,0.77884359
exponential,0.80000000,0.20000000,4.00000000,14,0.77609192
exponential,0.80000000,0.20000000,4.00000000,15,0.77310620
exponential,0.80000000,0.20000000,4.00000000,16,0.76986653
exponential,0.80000000,0.20000000,4.00000000,17,0.76635129
exponential,0.80000000,0.20000000,4.00000000,18,0.76253707
exponential,0.80000000,0.20000000,4.00000000,19,0.75839841
exponential,0.80000000,0.20000000,4.00000000,20,0.75390773
exponential,0.80000000,0.20000000,4.00000000,21,0.74903509
exponential,0.80000000,0.20000000,4.00000000,22,0.74374800
exponential,0.80000000,0.20000000,4.00000000,23,0.73801120
exponential,0.80000000,0.20000000,4.00000000,24,0.73178644
exponential,0.80000000,0.20000000,4.00000000,25,0.72503223
exponential,0.80000000,0.20000000,4.00000000,26,0.71770352
exponential,0.80000000,0.20000000,4.00000000,27,0.70975145
exponential,0.80000000,0.20000000,4.00000000,28,0.70112300
exponential,0.80000000,0.20000000,4.00000000,29,0.69176064
exponential,0.80000000,0.20000000,4.00000000,30,0.68160194
exponential,0.80000000,0.20000000,4.00000000,31,0.67057918
exponential,0.80000000,0.20000000,4.00000000,32,0.65861885
exponential,0.80000000,0.20000000,4.00000000,33,0.64564121
exponential,0.80000000,0.20000000,4.00000000,34,0.63155972
exponential,0.80000000,0.20000000,4.00000000,35,0.61628051
exponential,0.80000000,0.20000000,4.00000000,36,0.59970169
exponential,0.80000000,0.20000000,4.00000000,37,0.58171272
exponential,0.80000000,0.20000000,4.00000000,38,0.56219366
exponential,0.80000000,0.20000000,4.00000000,39,0.54101437
exponential,0.80000000,0.20000000,4.00000000,40,0.51803363
exponential,0.80000000,0.20000000,4.00000000,41,0.49309821
exponential,0.80000000,0.20000000,4.00000000,42,0.46604185
exponential,0.80000000,0.20000000,4.00000000,43,0.43668416
exponential,0.80000000,0.20000000,4.00000000,44,0.40482939
exponential,0.80000000,0.20000000,4.00000000,45,0.37026514
exponential,0.80000000,0.20000000,4.00000000,46,0.33276096
exponential,0.80000000,0.20000000,4.00000000,47,0.29206677
exponential,0.80000000,0.20000000,4.00000000,48,0.24791126
exponential,0.80000000,0.20000000,4.00000000,49,0.20000000
logarithmic,0.80000000,0.20000000,-9.00000000,0,0.80000000
logarithmic,0.80000000,0.20000000,-9.00000000,1,0.79516940
logarithmic,0.80000000,0.20000000,-9.00000000,2,0.79024755
logarithmic,0.80000000,0.20000000,-9.00000000,3,0.78523095
logarithmic,0.80000000,0.20000000,-9.00000000,4,0.78011586
logarithmic,0.80000000,0.20000000,-9.00000000,5,0.77489836
logarithmic,0.80000000,0.20000000,-9.00000000,6,0.76957425
logarithmic,0.80000000,0.20000000,-9.00000000,7,0.76413908
logarithmic,0.80000000,0.20000000,-9.00000000,8,0.75858812
logarithmic,0.80000000,0.20000000,-9.00000000,9,0.75291634
logarithmic,0.80000000,0.20000000,-9.00000000,10,0.74711835
logarithmic,0.80000000,0.20000000,-9.00000000,11,0.74118841
logarithmic,0.80000000,0.20000000,-9.00000000,12,0.73512037
logarithmic,0.80000000,0.20000000,-9.00000000,13,0.72890765
logarithmic,0.80000000,0.20000000,-9.00000000,14,0.72254318
logarithmic,0.80000000,0.20000000,-9.00000000,15,0.71601936
logarithmic,0.80000000,0.20000000,-9.00000000,16,0.70932801
logarithmic,0.80000000,0.20000000,-9.00000000,17,0.70246029
logarithmic,0.80000000,0.20000000,-9.00000000,18,0.69540666
logarithmic,0.80000000,0.20000000,-9.00000000,19,0.68815676
logarithmic,0.80000000,0.20000000,-9.00000000,20,0.68069937
logarithmic,0.80000000,0.20000000,-9.00000000,21,0.67302225
logarithmic,0.80000000,0.20000000,-9.00000000,22,0.66511206
logarithmic,0.80000000,0.20000000,-9.00000000,23,0.65695421
logarithmic,0.80000000,0.20000000,-9.00000000,24,0.64853269
logarithmic,0.80000000,0.20000000,-9.00000000,25,0.63982988
logarithmic,0.80000000,0.20000000,-9.00000000,26,0.63082633
logarithmic,0.80000000,0.20000000,-9.00000000,27,0.62150052
logarithmic,0.80000000,0.20000000,-9.00000000,28,0.61182853
logarithmic,0.80000000,0.20000000,-9.00000000,29,0.60178364
logarithmic,0.80000000,0.20000000,-9.00000000,30,0.59133596
logarithmic,0.80000000,0.20000000,-9.00000000,31,0.58045183
logarithmic,0.80000000,0.20000000,-9.00000000,32,0.56909317
logarithmic,0.80000000,0.20000000,-9.00000000,33,0.55721674
logarithmic,0.80000000,0.20000000,-9.00000000,34,0.54477305
logarithmic,0.80000000,0.20000000,-9.00000000,35,0.53170518
logarithmic,0.80000000,0.20000000,-9.00000000,36,0.51794720
logarithmic,0.80000000,0.20000000,-9.00000000,37,0.50342214
logarithmic,0.80000000,0.20000000,-9.00000000,38,0.48803938
logarithmic,0.80000000,0.20000000,-9.00000000,39,0.47169123
logarithmic,0.80000000,0.20000000,-9.00000000,40,0.45424836
logarithmic,0.80000000,0.20000000,-9.00000000,41,0.43555357
logarithmic,0.80000000,0.20000000,-9.00000000,42,0.41541317
logarithmic,0.80000000,0.20000000,-9.00000000,43,0.39358469
logarithmic,0.80000000,0.20000000,-9.00000000,44,0.36975906
logarithmic,0.80000000,0.20000000,-9.00000000,45,0.34353371
logarithmic,0.80000000,0.20000000,-9.00000000,46,0.31437051
logarithmic,0.80000000,0.20000000,-9.00000000,47,0.28152723
logarithmic,0.80000000,0.20000000,-9.00000000,48,0.24393915
logarithmic,0.80000000,0.20000000,-9.00000000,49,0.20000000
logarithmic,0.80000000,0.20000000,-3.00000000,0,0.80000000
logarithmic,0.80000000,0.20000000,-3.00000000,1,0.79332416
logarithmic,0.80000000,0.20000000,-3.00000000,2,0.78654373
logarithmic,0.80000000,0.20000000,-3.00000000,3,0.77965538
logarithmic,0.80000000,0.20000000,-3.00000000,4,0.77265563
logarithmic,0.80000000,0.20000000,-3.00000000,5,0.76554081
logarithmic,0.80000000,0.20000000,-3.00000000,6,0.75830708
logarithmic,0.80000000,0.20000000,-3.00000000,7,0.75095038
logarithmic,0.80000000,0.20000000,-3.00000000,8,0.74346647
logarithmic,0.80000000,0.20000000,-3.00000000,9,0.73585088
logarithmic,0.80000000,0.20000000,-3.00000000,10,0.72809888
logarithmic,0.80000000,0.20000000,-3.00000000,11,0.72020549
logarithmic,0.80000000,0.20000000,-3.00000000,12,0.71216548
logarithmic,0.80000000,0.20000000,-3.00000000,13,0.70397327
logarithmic,0.80000000,0.20000000,-3.00000000,14,0.69562301
logarithmic,0.80000000,0.20000000,-3.00000000,15,0.68710847
logarithmic,0.80000000,0.20000000,-3.00000000,16,0.67842306
logarithmic,0.80000000,0.20000000,-3.00000000,17,0.66955977
logarithmic,0.80000000,0.20000000,-3.00000000,18,0.66051118
logarithmic,0.80000000,0.20000000,-3.00000000,19,0.65126937
logarithmic,0.80000000,0.20000000,-3.00000000,20,0.64182590
logarithmic,0.80000000,0.20000000,-3.00000000,21,0.63217178
logarithmic,0.80000000,0.20000000,-3.00000000,22,0.62229739
logarithmic,0.80000000,0.20000000,-3.00000000,23,0.61219245
logarithmic,0.80000000,0.20000000,-3.00000000,24,0.60184594
logarithmic,0.80000000,0.20000000,-3.00000000,25,0.59124602
logarithmic,0.80000000,0.20000000,-3.00000000,26,0.58037996
logarithmic,0.80000000,0.20000000,-3.00000000,27,0.56923406
logarithmic,0.80000000,0.20000000,-3.00000000,28,0.55779352
logarithmic,0.80000000,0.20000000,-3.00000000,29,0.54604234
logarithmic,0.80000000,0.20000000,-3.00000000,30,0.53396318
logarithmic,0.80000000,0.20000000,-3.00000000,31,0.52153720
logarithmic,0.80000000,0.20000000,-3.00000000,32,0.50874390
logarithmic,0.80000000,0.20000000,-3.00000000,33,0.49556090
logarithmic,0.80000000,0.20000000,-3.00000000,34,0.48196370
logarithmic,0.80000000,0.20000000,-3.00000000,35,0.46792544
logarithmic,0.80000000,0.20000000,-3.00000000,36,0.45341653
logarithmic,0.80000000,0.20000000,-3.00000000,37,0.43840433
logarithmic,0.80000000,0.20000000,-3.00000000,38,0.42285265
logarithmic,0.80000000,0.20000000,-3.00000000,39,0.40672127
logarithmic,0.80000000,0.20000000,-3.00000000,40,0.38996530
logarithmic,0.80000000,0.20000000,-3.00000000,41,0.37253441
logarithmic,0.80000000,0.20000000,-3.00000000,42,0.35437195
logarithmic,0.80000000,0.20000000,-3.00000000,43,0.33541380
logarithmic,0.80000000,0.20000000,-3.00000000,44,0.31558705
logarithmic,0.80000000,0.20000000,-3.00000000,45,0.29480825
logarithmic,0.80000000,0.20000000,-3.00000000,46,0.27298135
logarithmic,0.80000000,0.20000000,-3.00000000,47,0.24999496
logarithmic,0.80000000,0.20000000,-3.00000000,48,0.22571896
logarithmic,0.80000000,0.20000000,-3.00000000,49,0.20000000
logarithmic,0.80000000,0.20000000,-1.00000000,0,0.80000000
logarithmic,0.80000000,0.20000000,-1.00000000,1,0.79112180
logarithmic,0.80000000,0.20000000,-1.00000000,2,0.78215159
logarithmic,0.80000000,0.20000000,-1.00000000,3,0.77308746
logarithmic,0.80000000,0.20000000,-1.00000000,4,0.76392740
logarithmic,0.80000000,0.20000000,-1.00000000,5,0.75466938
logarithmic,0.80000000,0.20000000,-1.00000000,6,0.74531127
logarithmic,0.80000000,0.20000000,-1.00000000,7,0.73585088
logarithmic,0.80000000,0.20000000,-1.00000000,8,0.72628595
logarithmic,0.80000000,0.20000000,-1.00000000,9,0.71661415
logarithmic,0.80000000,0.20000000,-1.00000000,10,0.70683306
logarithmic,0.80000000,0.20000000,-1.00000000,11,0.69694019
logarithmic,0.80000000,0.20000000,-1.00000000,12,0.68693295
logarithmic,0.80000000,0.20000000,-1.00000000,13,0.67680866
logarithmic,0.80000000,0.20000000,-1.00000000,14,0.66656455
logarithmic,0.80000000,0.20000000,-1.00000000,15,0.65619775
logarithmic,0.80000000,0.20000000,-1.00000000,16,0.64570530
logarithmic,0.80000000,0.20000000,-1.00000000,17,0.63508410
logarithmic,0.80000000,0.20000000,-1.00000000,18,0.62433095
logarithmic,0.80000000,0.20000000,-1.00000000,19,0.61344254
logarithmic,0.80000000,0.20000000,-1.00000000,20,0.60241542
logarithmic,0.80000000,0.20000000,-1.00000000,21,0.59124602
logarithmic,0.80000000,0.20000000,-1.00000000,22,0.57993060
logarithmic,0.80000000,0.20000000,-1.00000000,23,0.56846531
logarithmic,0.80000000,0.20000000,-1.00000000,24,0.55684611
logarithmic,0.80000000,0.20000000,-1.00000000,25,0.54506883
logarithmic,0.80000000,0.20000000,-1.00000000,26,0.53312909
logarithmic,0.80000000,0.20000000,-1.00000000,27,0.52102237
logarithmic,0.80000000,0.20000000,-1.00000000,28,0.50874390
logarithmic,0.80000000,0.20000000,-1.00000000,29,0.49628877
logarithmic,0.80000000,0.20000000,-1.00000000,30,0.48365180
logarithmic,0.80000000,0.20000000,-1.00000000,31,0.47082761
logarithmic,0.80000000,0.20000000,-1.00000000,32,0.45781057
logarithmic,0.80000000,0.20000000,-1.00000000,33,0.44459478
logarithmic,0.80000000,0.20000000,-1.00000000,34,0.43117409
logarithmic,0.80000000,0.20000000,-1.00000000,35,0.41754205
logarithmic,0.80000000,0.20000000,-1.00000000,36,0.40369188
logarithmic,0.80000000,0.20000000,-1.00000000,37,0.38961650
logarithmic,0.80000000,0.20000000,-1.00000000,38,0.37530845
logarithmic,0.80000000,0.20000000,-1.00000000,39,0.36075992
logarithmic,0.80000000,0.20000000,-1.00000000,40,0.34596269
logarithmic,0.80000000,0.20000000,-1.00000000,41,0.33090810
logarithmic,0.80000000,0.20000000,-1.00000000,42,0.31558705
logarithmic,0.80000000,0.20000000,-1.00000000,43,0.29998992
logarithmic,0.80000000,0.20000000,-1.00000000,44,0.28410659
logarithmic,0.80000000,0.20000000,-1.00000000,45,0.26792637
logarithmic,0.80000000,0.20000000,-1.00000000,46,0.25143792
logarithmic,0.80000000,0.20000000,-1.00000000,47,0.23462930
logarithmic,0.80000000,0.20000000,-1.00000000,48,0.21748781
logarithmic,0.80000000,0.20000000,-1.00000000,49,0.20000000
logarithmic,0.80000000,0.20000000,1.00000000,0,0.80000000
logarithmic,0.80000000,0.20000000,1.00000000,1,0.78251219
logarithmic,0.80000000,0.20000000,1.00000000,2,0.76537070
logarithmic,0.80000000,0.20000000,1.00000000,3,0.74856208
logarithmic,0.80000000,0.20000000,1.00000000,4,0.73207363
logarithmic,0.80000000,0.20000000,1.00000000,5,0.71589341
logarithmic,0.80000000,0.20000000,1.00000000,6,0.70001008
logarithmic,0.80000000,0.20000000,1.00000000,7,0.68441295
logarithmic,0.80000000,0.20000000,1.00000000,8,0.66909190
logarithmic,0.80000000,0.20000000,1.00000000,9,0.65403731
logarithmic,0.80000000,0.20000000,1.00000000,10,0.63924008
logarithmic,0.80000000,0.20000000,1.00000000,11,0.62469155
logarithmic,0.80000000,0.20000000,1.00000000,12,0.61038350
logarithmic,0.80000000,0.20000000,1.00000000,13,0.59630812
logarithmic,0.80000000,0.20000000,1.00000000,14,0.58245795
logarithmic,0.80000000,0.20000000,1.00000000,15,0.56882591
logarithmic,0.80000000,0.20000000,1.00000000,16,0.55540522
logarithmic,0.80000000,0.20000000,1.00000000,17,0.54218943
logarithmic,0.80000000,0.20000000,1.00000000,18,0.52917239
logarithmic,0.80000000,0.20000000,1.00000000,19,0.51634820
logarithmic,0.80000000,0.20000000,1.00000000,20,0.50371123
logarithmic,0.80000000,0.20000000,1.00000000,21,0.49125610
logarithmic,0.80000000,0.20000000,1.00000000,22,0.47897763
logarithmic,0.80000000,0.20000000,1.00000000,23,0.46687091
logarithmic,0.80000000,0.20000000,1.00000000,24,0.45493117
logarithmic,0.80000000,0.20000000,1.00000000,25,0.44315389
logarithmic,0.80000000,0.20000000,1.00000000,26,0.43153469
logarithmic,0.80000000,0.20000000,1.00000000,27,0.42006940
logarithmic,0.80000000,0.20000000,1.00000000,28,0.40875398
logarithmic,0.80000000,0.20000000,1.00000000,29,0.39758458
logarithmic,0.80000000,0.20000000,1.00000000,30,0.38655746
logarithmic,0.80000000,0.20000000,1.00000000,31,0.37566905
logarithmic,0.80000000,0.20000000,1.00000000,32,0.36491590
logarithmic,0.80000000,0.20000000,1.00000000,33,0.35429470
logarithmic,0.80000000,0.20000000,1.00000000,34,0.34380225
logarithmic,0.80000000,0.20000000,1.00000000,35,0.33343545
logarithmic,0.80000000,0.20000000,1.00000000,36,0.32319134
logarithmic,0.80000000,0.20000000,1.00000000,37,0.31306705
logarithmic,0.80000000,0.20000000,1.00000000,38,0.30305981
logarithmic,0.80000000,0.20000000,1.00000000,39,0.29316694
logarithmic,0.80000000,0.20000000,1.00000000,40,0.28338585
logarithmic,0.80000000,0.20000000,1.00000000,41,0.27371405
logarithmic,0.80000000,0.20000000,1.00000000,42,0.26414912
logarithmic,0.80000000,0.20000000,1.00000000,43,0.25468873
logarithmic,0.80000000,0.20000000,1.00000000,44,0.24533062
logarithmic,0.80000000,0.20000000,1.00000000,45,0.23607260
logarithmic,0.80000000,0.20000000,1.00000000,46,0.22691254
logarithmic,0.80000000,0.20000000,1.00000000,47,0.21784841
logarithmic,0.80000000,0.20000000,1.00000000,48,0.20887820
logarithmic,0.80000000,0.20000000,1.00000000,49,0.20000000
logarithmic,0.80000000,0.20000000,3.00000000,0,0.80000000
logarithmic,0.80000000,0.20000000,3.00000000,1,0.77428104
logarithmic,0.80000000,0.20000000,3.00000000,2,0.75000504
logarithmic,0.80000000,0.20000000,3.00000000,3,0.72701865
logarithmic,0.80000000,0.20000000,3.00000000,4,0.70519175
logarithmic,0.80000000,0.20000000,3.00000000,5,0.68441295
logarithmic,0.80000000,0.20000000,3.00000000,6,0.66458620
logarithmic,0.80000000,0.20000000,3.00000000,7,0.64562805
logarithmic,0.80000000,0.20000000,3.00000000,8,0.62746559
logarithmic,0.80000000,0.20000000,3.00000000,9,0.61003470
logarithmic,0.80000000,0.20000000,3.00000000,10,0.59327873
logarithmic,0.80000000,0.20000000,3.00000000,11,0.57714735
logarithmic,0.80000000,0.20000000,3.00000000,12,0.56159567
logarithmic,0.80000000,0.20000000,3.00000000,13,0.54658347
logarithmic,0.80000000,0.20000000,3.00000000,14,0.53207456
logarithmic,0.80000000,0.20000000,3.00000000,15,0.51803630
logarithmic,0.80000000,0.20000000,3.00000000,16,0.50443910
logarithmic,0.80000000,0.20000000,3.00000000,17,0.49125610
logarithmic,0.80000000,0.20000000,3.00000000,18,0.47846280
logarithmic,0.80000000,0.20000000,3.00000000,19,0.46603682
logarithmic,0.80000000,0.20000000,3.00000000,20,0.45395766
logarithmic,0.80000000,0.20000000,3.00000000,21,0.44220648
logarithmic,0.80000000,0.20000000,3.00000000,22,0.43076594
logarithmic,0.80000000,0.20000000,3.00000000,23,0.41962004
logarithmic,0.80000000,0.20000000,3.00000000,24,0.40875398
logarithmic,0.80000000,0.20000000,3.00000000,25,0.39815406
logarithmic,0.80000000,0.20000000,3.00000000,26,0.38780755
logarithmic,0.80000000,0.20000000,3.00000000,27,0.37770261
logarithmic,0.80000000,0.20000000,3.00000000,28,0.36782822
logarithmic,0.80000000,0.20000000,3.00000000,29,0.35817410
logarithmic,0.80000000,0.20000000,3.00000000,30,0.34873063
logarithmic,0.80000000,0.20000000,3.00000000,31,0.33948882
logarithmic,0.80000000,0.20000000,3.00000000,32,0.33044023
logarithmic,0.80000000,0.20000000,3.00000000,33,0.32157694
logarithmic,0.80000000,0.20000000,3.00000000,34,0.31289153
logarithmic,0.80000000,0.20000000,3.00000000,35,0.30437699
logarithmic,0.80000000,0.20000000,3.00000000,36,0.29602673
logarithmic,0.80000000,0.20000000,3.00000000,37,0.28783452
logarithmic,0.80000000,0.20000000,3.00000000,38,0.27979451
logarithmic,0.80000000,0.20000000,3.00000000,39,0.27190112
logarithmic,0.80000000,0.20000000,3.00000000,40,0.26414912
logarithmic,0.80000000,0.20000000,3.00000000,41,0.25653353
logarithmic,0.80000000,0.20000000,3.00000000,42,0.24904962
logarithmic,0.80000000,0.20000000,3.00000000,43,0.24169292
logarithmic,0.80000000,0.20000000,3.00000000,44,0.23445919
logarithmic,0.80000000,0.20000000,3.00000000,45,0.22734437
logarithmic,0.80000000,0.20000000,3.00000000,46,0.22034462
logarithmic,0.80000000,0.20000000,3.00000000,47,0.21345627
logarithmic,0.80000000,0.20000000,3.00000000,48,0.20667584
logarithmic,0.80000000,0.20000000,3.00000000,49,0.20000000
logarithmic,0.80000000,0.20000000,9.00000000,0,0.80000000
logarithmic,0.80000000,0.20000000,9.00000000,1,0.75606085
logarithmic,0.80000000,0.20000000,9.00000000,2,0.71847277
logarithmic,0.80000000,0.20000000,9.00000000,3,0.68562949
logarithmic,0.80000000,0.20000000,9.00000000,4,0.65646629
logarithmic,0.80000000,0.20000000,9.00000000,5,0.63024094
logarithmic,0.80000000,0.20000000,9.00000000,6,0.60641531
logarithmic,0.80000000,0.20000000,9.00000000,7,0.58458683
logarithmic,0.80000000,0.20000000,9.00000000,8,0.56444643
logarithmic,0.80000000,0.20000000,9.00000000,9,0.54575164
logarithmic,0.80000000,0.20000000,9.00000000,10,0.52830877
logarithmic,0.80000000,0.20000000,9.00000000,11,0.51196062
logarithmic,0.80000000,0.20000000,9.00000000,12,0.49657786
logarithmic,0.80000000,0.20000000,9.00000000,13,0.48205280
logarithmic,0.80000000,0.20000000,9.00000000,14,0.46829482
logarithmic,0.80000000,0.20000000,9.00000000,15,0.45522695
logarithmic,0.80000000,0.20000000,9.00000000,16,0.44278326
logarithmic,0.80000000,0.20000000,9.00000000,17,0.43090683
logarithmic,0.80000000,0.20000000,9.00000000,18,0.41954817
logarithmic,0.80000000,0.20000000,9.00000000,19,0.40866404
logarithmic,0.80000000,0.20000000,9.00000000,20,0.39821636
logarithmic,0.80000000,0.20000000,9.00000000,21,0.38817147
logarithmic,0.80000000,0.20000000,9.00000000,22,0.37849948
logarithmic,0.80000000,0.20000000,9.00000000,23,0.36917367
logarithmic,0.80000000,0.20000000,9.00000000,24,0.36017012
logarithmic,0.80000000,0.20000000,9.00000000,25,0.35146731
logarithmic,0.80000000,0.20000000,9.00000000,26,0.34304579
logarithmic,0.80000000,0.20000000,9.00000000,27,0.33488794
logarithmic,0.80000000,0.20000000,9.00000000,28,0.32697775
logarithmic,0.80000000,0.20000000,9.00000000,29,0.31930063
logarithmic,0.80000000,0.20000000,9.00000000,30,0.31184324
logarithmic,0.80000000,0.20000000,9.00000000,31,0.30459334
logarithmic,0.80000000,0.20000000,9.00000000,32,0.29753971
logarithmic,0.80000000,0.20000000,9.00000000,33,0.29067199
logarithmic,0.80000000,0.20000000,9.00000000,34,0.28398064
logarithmic,0.80000000,0.20000000,9.00000000,35,0.27745682
logarithmic,0.80000000,0.20000000,9.00000000,36,0.27109235
logarithmic,0.80000000,0.20000000,9.00000000,37,0.26487963
logarithmic,0.80000000,0.20000000,9.00000000,38,0.25881159
logarithmic,0.80000000,0.20000000,9.00000000,39,0.25288165
logarithmic,0.80000000,0.20000000,9.00000000,40,0.24708366
logarithmic,0.80000000,0.20000000,9.00000000,41,0.24141188
logarithmic,0.80000000,0.20000000,9.00000000,42,0.23586092
logarithmic,0.80000000,0.20000000,9.00000000,43,0.23042575
logarithmic,0.80000000,0.20000000,9.00000000,44,0.22510164
logarithmic,0.80000000,0.20000000,9.00000000,45,0.21988414
logarithmic,0.80000000,0.20000000,9.00000000,46,0.21476905
logarithmic,0.80000000,0.20000000,9.00000000,47,0.20975245
logarithmic,0.80000000,0.20000000,9.00000000,48,0.20483060
logarithmic,0.80000000,0.20000000,9.00000000,49,0.20000000
linear,0.80000000,0.30000000,1.00000000,0,0.80000000
linear,0.80000000,0.30000000,1.00000000,1,0.78979592
linear,0.80000000,0.30000000,1.00000000,2,0.77959184
linear,0.80000000,0.30000000,1.00000000,3,0.76938776
linear,0.80000000,0.30000000,1.00000000,4,0.75918367
linear,0.80000000,0.30000000,1.00000000,5,0.74897959
linear,0.80000000,0.30000000,1.00000000,6,0.73877551
linear,0.80000000,0.30000000,1.00000000,7,0.72857143
linear,0.80000000,0.30000000,1.00000000,8,0.71836735
linear,0.80000000,0.30000000,1.00000000,9,0.70816327
linear,0.80000000,0.30000000,1.00000000,10,0.69795918
linear,0.80000000,0.30000000,1.00000000,11,0.68775510
linear,0.80000000,0.30000000,1.00000000,12,0.67755102
linear,0.80000000,0.30000000,1.00000000,13,0.66734694
linear,0.80000000,0.30000000,1.00000000,14,0.65714286
linear,0.80000000,0.30000000,1.00000000,15,0.64693878
linear,0.80000000,0.30000000,1.00000000,16,0.63673469
linear,0.80000000,0.30000000,1.00000000,17,0.62653061
linear,0.80000000,0.30000000,1.00000000,18,0.61632653
linear,0.80000000,0.30000000,1.00000000,19,0.60612245
linear,0.80000000,0.30000000,1.00000000,20,0.59591837
linear,0.80000000,0.30000000,1.00000000,21,0.58571429
linear,0.80000000,0.30000000,1.00000000,22,0.57551020
linear,0.80000000,0.30000000,1.00000000,23,0.56530612
linear,0.80000000,0.30000000,1.00000000,24,0.55510204
linear,0.80000000,0.30000000,1.00000000,25,0.54489796
linear,0.80000000,0.30000000,1.00000000,26,0.53469388
linear,0.80000000,0.30000000,1.00000000,27,0.52448980
linear,0.80000000,0.30000000,1.00000000,28,0.51428571
linear,0.80000000,0.30000000,1.00000000,29,0.50408163
linear,0.80000000,0.30000000,1.00000000,30,0.49387755
linear,0.80000000,0.30000000,1.00000000,31,0.48367347
linear,0.80000000,0.30000000,1.00000000,32,0.47346939
linear,0.80000000,0.30000000,1.00000000,33,0.46326531
linear,0.80000000,0.30000000,1.00000000,34,0.45306122
linear,0.80000000,0.30000000,1.00000000,35,0.44285714
linear,0.80000000,0.30000000,1.00000000,36,0.43265306
linear,0.80000000,0.30000000,1.00000000,37,0.42244898
linear,0.80000000,0.30000000,1.00000000,38,0.41224490
linear,0.80000000,0.30000000,1.00000000,39,0.40204082
linear,0.80000000,0.30000000,1.00000000,40,0.39183673
linear,0.80000000,0.30000000,1.00000000,41,0.38163265
linear,0.80000000,0.30000000,1.00000000,42,0.37142857
linear,0.80000000,0.30000000,1.00000000,43,0.36122449
linear,0.80000000,0.30000000,1.00000000,44,0.35102041
linear,0.80000000,0.30000000,1.00000000,45,0.34081633
linear,0.80000000,0.30000000,1.00000000,46,0.33061224
linear,0.80000000,0.30000000,1.00000000,47,0.32040816
linear,0.80000000,0.30000000,1.00000000,48,0.31020408
linear,0.80000000,0.30000000,1.00000000,49,0.30000000
exponential,0.80000000,0.30000000,-4.00000000,0,0.80000000
exponential,0.80000000,0.30000000,-4.00000000,1,0.76007395
exponential,0.80000000,0.30000000,-4.00000000,2,0.72327769
exponential,0.80000000,0.30000000,-4.00000000,3,0.68936587
exponential,0.80000000,0.30000000,-4.00000000,4,0.65811238
exponential,0.80000000,0.30000000,-4.00000000,5,0.62930884
exponential,0.80000000,0.30000000,-4.00000000,6,0.60276320
exponential,0.80000000,0.30000000,-4.00000000,7,0.57829846
exponential,0.80000000,0.30000000,-4.00000000,8,0.55575149
exponential,0.80000000,0.30000000,-4.00000000,9,0.53497198
exponential,0.80000000,0.30000000,-4.00000000,10,0.51582136
exponential,0.80000000,0.30000000,-4.00000000,11,0.49817195
exponential,0.80000000,0.30000000,-4.00000000,12,0.48190607
exponential,0.80000000,0.30000000,-4.00000000,13,0.46691526
exponential,0.80000000,0.30000000,-4.00000000,14,0.45309958
exponential,0.80000000,0.30000000,-4.00000000,15,0.44036690
exponential,0.80000000,0.30000000,-4.00000000,16,0.42863233
exponential,0.80000000,0.30000000,-4.00000000,17,0.41781763
exponential,0.80000000,0.30000000,-4.00000000,18,0.40785068
exponential,0.80000000,0.30000000,-4.00000000,19,0.39866505
exponential,0.80000000,0.30000000,-4.00000000,20,0.39019947
exponential,0.80000000,0.30000000,-4.00000000,21,0.38239750
exponential,0.80000000,0.30000000,-4.00000000,22,0.37520713
exponential,0.80000000,0.30000000,-4.00000000,23,0.36858040
exponential,0.80000000,0.30000000,-4.00000000,24,0.36247314
exponential,0.80000000,0.30000000,-4.00000000,25,0.35684463
exponential,0.80000000,0.30000000,-4.00000000,26,0.35165733
exponential,0.80000000,0.30000000,-4.00000000,27,0.34687667
exponential,0.80000000,0.30000000,-4.00000000,28,0.34247076
exponential,0.80000000,0.30000000,-4.00000000,29,0.33841022
exponential,0.80000000,0.30000000,-4.00000000,30,0.33466799
exponential,0.80000000,0.30000000,-4.00000000,31,0.33121911
exponential,0.80000000,0.30000000,-4.00000000,32,0.32804059
exponential,0.80000000,0.30000000,-4.00000000,33,0.32511123
exponential,0.80000000,0.30000000,-4.00000000,34,0.32241150
exponential,0.80000000,0.30000000,-4.00000000,35,0.31992340
exponential,0.80000000,0.30000000,-4.00000000,36,0.31763034
exponential,0.80000000,0.30000000,-4.00000000,37,0.31551704
exponential,0.80000000,0.30000000,-4.00000000,38,0.31356939
exponential,0.80000000,0.30000000,-4.00000000,39,0.31177442
exponential,0.80000000,0.30000000,-4.00000000,40,0.31012016
exponential,0.80000000,0.30000000,-4.00000000,41,0.30859557
exponential,0.80000000,0.30000000,-4.00000000,42,0.30719050
exponential,0.80000000,0.30000000,-4.00000000,43,0.30589557
exponential,0.80000000,0.30000000,-4.00000000,44,0.30470215
exponential,0.80000000,0.30000000,-4.00000000,45,0.30360228
exponential,0.80000000,0.30000000,-4.00000000,46,0.30258862
exponential,0.80000000,0.30000000,-4.00000000,47,0.30165443
exponential,0.80000000,0.30000000,-4.00000000,48,0.30079347
exponential,0.80000000,0.30000000,-4.00000000,49,0.30000000
exponential,0.80000000,0.30000000,-2.00000000,0,0.80000000
exponential,0.80000000,0.30000000,-2.00000000,1,0.77687279
exponential,0.80000000,0.30000000,-2.00000000,2,0.75467055
exponential,0.80000000,0.30000000,-2.00000000,3,0.73335627
exponential,0.80000000,0.30000000,-2.00000000,4,0.71289445
exponential,0.80000000,0.30000000,-2.00000000,5,0.69325100
exponential,0.80000000,0.30000000,-2.00000000,6,0.67439317
exponential,0.80000000,0.30000000,-2.00000000,7,0.65628955
exponential,0.80000000,0.30000000,-2.00000000,8,0.63890998
exponential,0.80000000,0.30000000,-2.00000000,9,0.62222550
exponential,0.80000000,0.30000000,-2.00000000,10,0.60620831
exponential,0.80000000,0.30000000,-2.00000000,11,0.59083171
exponential,0.80000000,0.30000000,-2.00000000,12,0.57607010
exponential,0.80000000,0.30000000,-2.00000000,13,0.56189887
exponential,0.80000000,0.30000000,-2.00000000,14,0.54829441
exponential,0.80000000,0.30000000,-2.00000000,15,0.53523406
exponential,0.80000000,0.30000000,-2.00000000,16,0.52269605
exponential,0.80000000,0.30000000,-2.00000000,17,0.51065949
exponential,0.80000000,0.30000000,-2.00000000,18,0.49910433
exponential,0.80000000,0.30000000,-2.00000000,19,0.48801132
exponential,0.80000000,0.30000000,-2.00000000,20,0.47736196
exponential,0.80000000,0.30000000,-2.00000000,21,0.46713852
exponential,0.80000000,0.30000000,-2.00000000,22,0.45732396
exponential,0.80000000,0.30000000,-2.00000000,23,0.44790193
exponential,0.80000000,0.30000000,-2.00000000,24,0.43885673
exponential,0.80000000,0.30000000,-2.00000000,25,0.43017329
exponential,0.80000000,0.30000000,-2.00000000,26,0.42183714
exponential,0.80000000,0.30000000,-2.00000000,27,0.41383439
exponential,0.80000000,0.30000000,-2.00000000,28,0.40615171
exponential,0.80000000,0.30000000,-2.00000000,29,0.39877629
exponential,0.80000000,0.30000000,-2.00000000,30,0.39169585
exponential,0.80000000,0.30000000,-2.00000000,31,0.38489859
exponential,0.80000000,0.30000000,-2.00000000,32,0.37837318
exponential,0.80000000,0.30000000,-2.00000000,33,0.37210875
exponential,0.80000000,0.30000000,-2.00000000,34,0.36609487
exponential,0.80000000,0.30000000,-2.00000000,35,0.36032150
exponential,0.80000000,0.30000000,-2.00000000,36,0.35477905
exponential,0.80000000,0.30000000,-2.00000000,37,0.34945825
exponential,0.80000000,0.30000000,-2.00000000,38,0.34435027
exponential,0.80000000,0.30000000,-2.00000000,39,0.33944657
exponential,0.80000000,0.30000000,-2.00000000,40,0.33473900
exponential,0.80000000,0.30000000,-2.00000000,41,0.33021970
exponential,0.80000000,0.30000000,-2.00000000,42,0.32588115
exponential,0.80000000,0.30000000,-2.00000000,43,0.32171611
exponential,0.80000000,0.30000000,-2.00000000,44,0.31771766
exponential,0.80000000,0.30000000,-2.00000000,45,0.31387912
exponential,0.80000000,0.30000000,-2.00000000,46,0.31019411
exponential,0.80000000,0.30000000,-2.00000000,47,0.30665647
exponential,0.80000000,0.30000000,-2.00000000,48,0.30326032
exponential,0.80000000,0.30000000,-2.00000000,49,0.30000000
exponential,0.80000000,0.30000000,-1.00000000,0,0.80000000
exponential,0.80000000,0.30000000,-1.00000000,1,0.78402099
exponential,0.80000000,0.30000000,-1.00000000,2,0.76836477
exponential,0.80000000,0.30000000,-1.00000000,3,0.75302483
exponential,0.80000000,0.30000000,-1.00000000,4,0.73799478
exponential,0.80000000,0.30000000,-1.00000000,5,0.72326835
exponential,0.80000000,0.30000000,-1.00000000,6,0.70883942
exponential,0.80000000,0.30000000,-1.00000000,7,0.69470197
exponential,0.80000000,0.30000000,-1.00000000,8,0.68085012
exponential,0.80000000,0.30000000,-1.00000000,9,0.66727809
exponential,0.80000000,0.30000000,-1.00000000,10,0.65398023
exponential,0.80000000,0.30000000,-1.00000000,11,0.64095101
exponential,0.80000000,0.30000000,-1.00000000,12,0.62818500
exponential,0.80000000,0.30000000,-1.00000000,13,0.61567688
exponential,0.80000000,0.30000000,-1.00000000,14,0.60342143
exponential,0.80000000,0.30000000,-1.00000000,15,0.59141357
exponential,0.80000000,0.30000000,-1.00000000,16,0.57964828
exponential,0.80000000,0.30000000,-1.00000000,17,0.56812066
exponential,0.80000000,0.30000000,-1.00000000,18,0.55682592
exponential,0.80000000,0.30000000,-1.00000000,19,0.54575934
exponential,0.80000000,0.30000000,-1.00000000,20,0.53491633
exponential,0.80000000,0.30000000,-1.00000000,21,0.52429235
exponential,0.80000000,0.30000000,-1.00000000,22,0.51388300
exponential,0.80000000,0.30000000,-1.00000000,23,0.50368393
exponential,0.80000000,0.30000000,-1.00000000,24,0.49369089
exponential,0.80000000,0.30000000,-1.00000000,25,0.48389973
exponential,0.80000000,0.30000000,-1.00000000,26,0.47430636
exponential,0.80000000,0.30000000,-1.00000000,27,0.46490679
exponential,0.80000000,0.30000000,-1.00000000,28,0.45569710
exponential,0.80000000,0.30000000,-1.00000000,29,0.44667347
exponential,0.80000000,0.30000000,-1.00000000,30,0.43783212
exponential,0.80000000,0.30000000,-1.00000000,31,0.42916937
exponential,0.80000000,0.30000000,-1.00000000,32,0.42068163
exponential,0.80000000,0.30000000,-1.00000000,33,0.41236535
exponential,0.80000000,0.30000000,-1.00000000,34,0.40421707
exponential,0.80000000,0.30000000,-1.00000000,35,0.39623340
exponential,0.80000000,0.30000000,-1.00000000,36,0.38841100
exponential,0.80000000,0.30000000,-1.00000000,37,0.38074663
exponential,0.80000000,0.30000000,-1.00000000,38,0.37323709
exponential,0.80000000,0.30000000,-1.00000000,39,0.36587926
exponential,0.80000000,0.30000000,-1.00000000,40,0.35867006
exponential,0.80000000,0.30000000,-1.00000000,41,0.35160650
exponential,0.80000000,0.30000000,-1.00000000,42,0.34468563
exponential,0.80000000,0.30000000,-1.00000000,43,0.33790457
exponential,0.80000000,0.30000000,-1.00000000,44,0.33126049
exponential,0.80000000,0.30000000,-1.00000000,45,0.32475064
exponential,0.80000000,0.30000000,-1.00000000,46,0.31837229
exponential,0.80000000,0.30000000,-1.00000000,47,0.31212280
exponential,0.80000000,0.30000000,-1.00000000,48,0.30599955
exponential,0.80000000,0.30000000,-1.00000000,49,0.30000000
exponential,0.80000000,0.30000000,1.00000000,0,0.80000000
exponential,0.80000000,0.30000000,1.00000000,1,0.79400045
exponential,0.80000000,0.30000000,1.00000000,2,0.78787720
exponential,0.80000000,0.30000000,1.00000000,3,0.78162771
exponential,0.80000000,0.30000000,1.00000000,4,0.77524936
exponential,0.80000000,0.30000000,1.00000000,5,0.76873951
exponential,0.80000000,0.30000000,1.00000000,6,0.76209543
exponential,0.80000000,0.30000000,1.00000000,7,0.75531437
exponential,0.80000000,0.30000000,1.00000000,8,0.74839350
exponential,0.80000000,0.30000000,1.00000000,9,0.74132994
exponential,0.80000000,0.30000000,1.00000000,10,0.73412074
exponential,0.80000000,0.30000000,1.00000000,11,0.72676291
exponential,0.80000000,0.30000000,1.00000000,12,0.71925337
exponential,0.80000000,0.30000000,1.00000000,13,0.71158900
exponential,0.80000000,0.30000000,1.00000000,14,0.70376660
exponential,0.80000000,0.30000000,1.00000000,15,0.69578293
exponential,0.80000000,0.30000000,1.00000000,16,0.68763465
exponential,0.80000000,0.30000000,1.00000000,17,0.67931837
exponential,0.80000000,0.30000000,1.00000000,18,0.67083063
exponential,0.80000000,0.30000000,1.00000000,19,0.66216788
exponential,0.80000000,0.30000000,1.00000000,20,0.65332653
exponential,0.80000000,0.30000000,1.00000000,21,0.64430290
exponential,0.80000000,0.30000000,1.00000000,22,0.63509321
exponential,0.80000000,0.30000000,1.00000000,23,0.62569364
exponential,0.80000000,0.30000000,1.00000000,24,0.61610027
exponential,0.80000000,0.30000000,1.00000000,25,0.60630911
exponential,0.80000000,0.30000000,1.00000000,26,0.59631607
exponential,0.80000000,0.30000000,1.00000000,27,0.58611700
exponential,0.80000000,0.30000000,1.00000000,28,0.57570765
exponential,0.80000000,0.30000000,1.00000000,29,0.56508367
exponential,0.80000000,0.30000000,1.00000000,30,0.55424066
exponential,0.80000000,0.30000000,1.00000000,31,0.54317408
exponential,0.80000000,0.30000000,1.00000000,32,0.53187934
exponential,0.80000000,0.30000000,1.00000000,33,0.52035172
exponential,0.80000000,0.30000000,1.00000000,34,0.50858643
exponential,0.80000000,0.30000000,1.00000000,35,0.49657857
exponential,0.80000000,0.30000000,1.00000000,36,0.48432312
exponential,0.80000000,0.30000000,1.00000000,37,0.47181500
exponential,0.80000000,0.30000000,1.00000000,38,0.45904899
exponential,0.80000000,0.30000000,1.00000000,39,0.44601977
exponential,0.80000000,0.30000000,1.00000000,40,0.43272191
exponential,0.80000000,0.30000000,1.00000000,41,0.41914988
exponential,0.80000000,0.30000000,1.00000000,42,0.40529803
exponential,0.80000000,0.30000000,1.00000000,43,0.39116058
exponential,0.80000000,0.30000000,1.00000000,44,0.37673165
exponential,0.80000000,0.30000000,1.00000000,45,0.36200522
exponential,0.80000000,0.30000000,1.00000000,46,0.34697517
exponential,0.80000000,0.30000000,1.00000000,47,0.33163523
exponential,0.80000000,0.30000000,1.00000000,48,0.31597901
exponential,0.80000000,0.30000000,1.00000000,49,0.30000000
exponential,0.80000000,0.30000000,2.00000000,0,0.80000000
exponential,0.80000000,0.30000000,2.00000000,1,0.79673968
exponential,0.80000000,0.30000000,2.00000000,2,0.79334353
exponential,0.80000000,0.30000000,2.00000000,3,0.78980589
exponential,0.80000000,0.30000000,2.00000000,4,0.78612088
exponential,0.80000000,0.30000000,2.00000000,5,0.78228234
exponential,0.80000000,0.30000000,2.00000000,6,0.77828389
exponential,0.80000000,0.30000000,2.00000000,7,0.77411885
exponential,0.80000000,0.30000000,2.00000000,8,0.76978030
exponential,0.80000000,0.30000000,2.00000000,9,0.76526100
exponential,0.80000000,0.30000000,2.00000000,10,0.76055343
exponential,0.80000000,0.30000000,2.00000000,11,0.75564973
exponential,0.80000000,0.30000000,2.00000000,12,0.75054175
exponential,0.80000000,0.30000000,2.00000000,13,0.74522095
exponential,0.80000000,0.30000000,2.00000000,14,0.73967850
exponential,0.80000000,0.30000000,2.00000000,15,0.73390513
exponential,0.80000000,0.30000000,2.00000000,16,0.72789125
exponential,0.80000000,0.30000000,2.00000000,17,0.72162682
exponential,0.80000000,0.30000000,2.00000000,18,0.71510141
exponential,0.80000000,0.30000000,2.00000000,19,0.70830415
exponential,0.80000000,0.30000000,2.00000000,20,0.70122371
exponential,0.80000000,0.30000000,2.00000000,21,0.69384829
exponential,0.80000000,0.30000000,2.00000000,22,0.68616561
exponential,0.80000000,0.30000000,2.00000000,23,0.67816286
exponential,0.80000000,0.30000000,2.00000000,24,0.66982671
exponential,0.80000000,0.30000000,2.00000000,25,0.66114327
exponential,0.80000000,0.30000000,2.00000000,26,0.65209807
exponential,0.80000000,0.30000000,2.00000000,27,0.64267604
exponential,0.80000000,0.30000000,2.00000000,28,0.63286148
exponential,0.80000000,0.30000000,2.00000000,29,0.62263804
exponential,0.80000000,0.30000000,2.00000000,30,0.61198868
exponential,0.80000000,0.30000000,2.00000000,31,0.60089567
exponential,0.80000000,0.30000000,2.00000000,32,0.58934051
exponential,0.80000000,0.30000000,2.00000000,33,0.57730395
exponential,0.80000000,0.30000000,2.00000000,34,0.56476594
exponential,0.80000000,0.30000000,2.00000000,35,0.55170559
exponential,0.80000000,0.30000000,2.00000000,36,0.53810113
exponential,0.80000000,0.30000000,2.00000000,37,0.52392990
exponential,0.80000000,0.30000000,2.00000000,38,0.50916829
exponential,0.80000000,0.30000000,2.00000000,39,0.49379169
exponential,0.80000000,0.30000000,2.00000000,40,0.47777450
exponential,0.80000000,0.30000000,2.00000000,41,0.46109002
exponential,0.80000000,0.30000000,2.00000000,42,0.44371045
exponential,0.80000000,0.30000000,2.00000000,43,0.42560683
exponential,0.80000000,0.30000000,2.00000000,44,0.40674900
exponential,0.80000000,0.30000000,2.00000000,45,0.38710555
exponential,0.80000000,0.30000000,2.00000000,46,0.36664373
exponential,0.80000000,0.30000000,2.00000000,47,0.34532945
exponential,0.80000000,0.30000000,2.00000000,48,0.32312721
exponential,0.80000000,0.30000000,2.00000000,49,0.30000000
exponential,0.80000000,0.30000000,4.00000000,0,0.80000000
exponential,0.80000000,0.30000000,4.00000000,1,0.79920653
exponential,0.80000000,0.30000000,4.00000000,2,0.79834557
exponential,0.80000000,0.30000000,4.00000000,3,0.79741138
exponential,0.80000000,0.30000000,4.00000000,4,0.79639772
exponential,0.80000000,0.30000000,4.00000000,5,0.79529785
exponential,0.80000000,0.30000000,4.00000000,6,0.79410443
exponential,0.80000000,0.30000000,4.00000000,7,0.79280950
exponential,0.80000000,0.30000000,4.00000000,8,0.79140443
exponential,0.80000000,0.30000000,4.00000000,9,0.78987984
exponential,0.80000000,0.30000000,4.00000000,10,0.78822558
exponential,0.80000000,0.30000000,4.00000000,11,0.78643061
exponential,0.80000000,0.30000000,4.00000000,12,0.78448296
exponential,0.80000000,0.30000000,4.00000000,13,0.78236966
exponential,0.80000000,0.30000000,4.00000000,14,0.78007660
exponential,0.80000000,0.30000000,4.00000000,15,0.77758850
exponential,0.80000000,0.30000000,4.00000000,16,0.77488877
exponential,0.80000000,0.30000000,4.00000000,17,0.77195941
exponential,0.80000000,0.30000000,4.00000000,18,0.76878089
exponential,0.80000000,0.30000000,4.00000000,19,0.76533201
exponential,0.80000000,0.30000000,4.00000000,20,0.76158978
exponential,0.80000000,0.30000000,4.00000000,21,0.75752924
exponential,0.80000000,0.30000000,4.00000000,22,0.75312333
exponential,0.80000000,0.30000000,4.00000000,23,0.74834267
exponential,0.80000000,0.30000000,4.00000000,24,0.74315537
exponential,0.80000000,0.30000000,4.00000000,25,0.73752686
exponential,0.80000000,0.30000000,4.00000000,26,0.73141960
exponential,0.80000000,0.30000000,4.00000000,27,0.72479287
exponential,0.80000000,0.30000000,4.00000000,28,0.71760250
exponential,0.80000000,0.30000000,4.00000000,29,0.70980053
exponential,0.80000000,0.30000000,4.00000000,30,0.70133495
exponential,0.80000000,0.30000000,4.00000000,31,0.69214932
exponential,0.80000000,0.30000000,4.00000000,32,0.68218237
exponential,0.80000000,0.30000000,4.00000000,33,0.67136767
exponential,0.80000000,0.30000000,4.00000000,34,0.65963310
exponential,0.80000000,0.30000000,4.00000000,35,0.64690042
exponential,0.80000000,0.30000000,4.00000000,36,0.63308474
exponential,0.80000000,0.30000000,4.00000000,37,0.61809393
exponential,0.80000000,0.30000000,4.00000000,38,0.60182805
exponential,0.80000000,0.30000000,4.00000000,39,0.58417864
exponential,0.80000000,0.30000000,4.00000000,40,0.56502802
exponential,0.80000000,0.30000000,4.00000000,41,0.54424851
exponential,0.80000000,0.30000000,4.00000000,42,0.52170154
exponential,0.80000000,0.30000000,4.00000000,43,0.49723680
exponential,0.80000000,0.30000000,4.00000000,44,0.47069116
exponential,0.80000000,0.30000000,4.00000000,45,0.44188762
exponential,0.80000000,0.30000000,4.00000000,46,0.41063413
exponential,0.80000000,0.30000000,4.00000000,47,0.37672231
exponential,0.80000000,0.30000000,4.00000000,48,0.33992605
exponential,0.80000000,0.30000000,4.00000000,49,0.30000000
logarithmic,0.80000000,0.30000000,-9.00000000,0,0.80000000
logarithmic,0.80000000,0.30000000,-9.00000000,1,0.79597450
logarithmic,0.80000000,0.30000000,-9.00000000,2,0.79187296
logarithmic,0.80000000,0.30000000,-9.00000000,3,0.78769246
logarithmic,0.80000000,0.30000000,-9.00000000,4,0.78342989
logarithmic,0.80000000,0.30000000,-9.00000000,5,0.77908197
logarithmic,0.80000000,0.30000000,-9.00000000,6,0.77464520
logarithmic,0.80000000,0.30000000,-9.00000000,7,0.77011590
logarithmic,0.80000000,0.30000000,-9.00000000,8,0.76549010
logarithmic,0.80000000,0.30000000,-9.00000000,9,0.76076361
logarithmic,0.80000000,0.30000000,-9.00000000,10,0.75593196
logarithmic,0.80000000,0.30000000,-9.00000000,11,0.75099034
logarithmic,0.80000000,0.30000000,-9.00000000,12,0.74593364
logarithmic,0.80000000,0.30000000,-9.00000000,13,0.74075638
logarithmic,0.80000000,0.30000000,-9.00000000,14,0.73545265
logarithmic,0.80000000,0.30000000,-9.00000000,15,0.73001614
logarithmic,0.80000000,0.30000000,-9.00000000,16,0.72444001
logarithmic,0.80000000,0.30000000,-9.00000000,17,0.71871691
logarithmic,0.80000000,0.30000000,-9.00000000,18,0.71283888
logarithmic,0.80000000,0.30000000,-9.00000000,19,0.70679730
logarithmic,0.80000000,0.30000000,-9.00000000,20,0.70058281
logarithmic,0.80000000,0.30000000,-9.00000000,21,0.69418521
logarithmic,0.80000000,0.30000000,-9.00000000,22,0.68759339
logarithmic,0.80000000,0.30000000,-9.00000000,23,0.68079518
logarithmic,0.80000000,0.30000000,-9.00000000,24,0.67377724
logarithmic,0.80000000,0.30000000,-9.00000000,25,0.66652490
logarithmic,0.80000000,0.30000000,-9.00000000,26,0.65902194
logarithmic,0.80000000,0.30000000,-9.00000000,27,0.65125044
logarithmic,0.80000000,0.30000000,-9.00000000,28,0.64319044
logarithmic,0.80000000,0.30000000,-9.00000000,29,0.63481970
logarithmic,0.80000000,0.30000000,-9.00000000,30,0.62611330
logarithmic,0.80000000,0.30000000,-9.00000000,31,0.61704319
logarithmic,0.80000000,0.30000000,-9.00000000,32,0.60757764
logarithmic,0.80000000,0.30000000,-9.00000000,33,0.59768061
logarithmic,0.80000000,0.30000000,-9.00000000,34,0.58731087
logarithmic,0.80000000,0.30000000,-9.00000000,35,0.57642098
logarithmic,0.80000000,0.30000000,-9.00000000,36,0.56495600
logarithmic,0.80000000,0.30000000,-9.00000000,37,0.55285179
logarithmic,0.80000000,0.30000000,-9.00000000,38,0.54003282
logarithmic,0.80000000,0.30000000,-9.00000000,39,0.52640936
logarithmic,0.80000000,0.30000000,-9.00000000,40,0.51187364
logarithmic,0.80000000,0.30000000,-9.00000000,41,0.49629465
logarithmic,0.80000000,0.30000000,-9.00000000,42,0.47951097
logarithmic,0.80000000,0.30000000,-9.00000000,43,0.46132057
logarithmic,0.80000000,0.30000000,-9.00000000,44,0.44146589
logarithmic,0.80000000,0.30000000,-9.00000000,45,0.41961142
logarithmic,0.80000000,0.30000000,-9.00000000,46,0.39530876
logarithmic,0.80000000,0.30000000,-9.00000000,47,0.36793936
logarithmic,0.80000000,0.30000000,-9.00000000,48,0.33661596
logarithmic,0.80000000,0.30000000,-9.00000000,49,0.30000000
logarithmic,0.80000000,0.30000000,-3.00000000,0,0.80000000
logarithmic,0.80000000,0.30000000,-3.00000000,1,0.79443680
logarithmic,0.80000000,0.30000000,-3.00000000,2,0.78878644
logarithmic,0.80000000,0.30000000,-3.00000000,3,0.78304615
logarithmic,0.80000000,0.30000000,-3.00000000,4,0.77721303
logarithmic,0.80000000,0.30000000,-3.00000000,5,0.77128401
logarithmic,0.80000000,0.30000000,-3.00000000,6,0.76525590
logarithmic,0.80000000,0.30000000,-3.00000000,7,0.75912532
logarithmic,0.80000000,0.30000000,-3.00000000,8,0.75288873
logarithmic,0.80000000,0.30000000,-3.00000000,9,0.74654240
logarithmic,0.80000000,0.30000000,-3.00000000,10,0.74008240
logarithmic,0.80000000,0.30000000,-3.00000000,11,0.73350458
logarithmic,0.80000000,0.30000000,-3.00000000,12,0.72680456
logarithmic,0.80000000,0.30000000,-3.00000000,13,0.71997773
logarithmic,0.80000000,0.30000000,-3.00000000,14,0.71301917
logarithmic,0.80000000,0.30000000,-3.00000000,15,0.70592372
logarithmic,0.80000000,0.30000000,-3.00000000,16,0.69868588
logarithmic,0.80000000,0.30000000,-3.00000000,17,0.69129981
logarithmic,0.80000000,0.30000000,-3.00000000,18,0.68375932
logarithmic,0.80000000,0.30000000,-3.00000000,19,0.67605781
logarithmic,0.80000000,0.30000000,-3.00000000,20,0.66818825
logarithmic,0.80000000,0.30000000,-3.00000000,21,0.66014315
logarithmic,0.80000000,0.30000000,-3.00000000,22,0.65191449
logarithmic,0.80000000,0.30000000,-3.00000000,23,0.64349371
logarithmic,0.80000000,0.30000000,-3.00000000,24,0.63487162
logarithmic,0.80000000,0.30000000,-3.00000000,25,0.62603835
logarithmic,0.80000000,0.30000000,-3.00000000,26,0.61698330
logarithmic,0.80000000,0.30000000,-3.00000000,27,0.60769505
logarithmic,0.80000000,0.30000000,-3.00000000,28,0.59816127
logarithmic,0.80000000,0.30000000,-3.00000000,29,0.58836862
logarithmic,0.80000000,0.30000000,-3.00000000,30,0.57830265
logarithmic,0.80000000,0.30000000,-3.00000000,31,0.56794767
logarithmic,0.80000000,0.30000000,-3.00000000,32,0.55728659
logarithmic,0.80000000,0.30000000,-3.00000000,33,0.54630075
logarithmic,0.80000000,0.30000000,-3.00000000,34,0.53496975
logarithmic,0.80000000,0.30000000,-3.00000000,35,0.52327120
logarithmic,0.80000000,0.30000000,-3.00000000,36,0.51118044
logarithmic,0.80000000,0.30000000,-3.00000000,37,0.49867027
logarithmic,0.80000000,0.30000000,-3.00000000,38,0.48571054
logarithmic,0.80000000,0.30000000,-3.00000000,39,0.47226773
logarithmic,0.80000000,0.30000000,-3.00000000,40,0.45830442
logarithmic,0.80000000,0.30000000,-3.00000000,41,0.44377868
logarithmic,0.80000000,0.30000000,-3.00000000,42,0.42864329
logarithmic,0.80000000,0.30000000,-3.00000000,43,0.41284484
logarithmic,0.80000000,0.30000000,-3.00000000,44,0.39632254
logarithmic,0.80000000,0.30000000,-3.00000000,45,0.37900687
logarithmic,0.80000000,0.30000000,-3.00000000,46,0.36081779
logarithmic,0.80000000,0.30000000,-3.00000000,47,0.34166247
logarithmic,0.80000000,0.30000000,-3.00000000,48,0.32143247
logarithmic,0.80000000,0.30000000,-3.00000000,49,0.30000000
logarithmic,0.80000000,0.30000000,-1.00000000,0,0.80000000
logarithmic,0.80000000,0.30000000,-1.00000000,1,0.79260150
logarithmic,0.80000000,0.30000000,-1.00000000,2,0.78512633
logarithmic,0.80000000,0.30000000,-1.00000000,3,0.77757288
logarithmic,0.80000000,0.30000000,-1.00000000,4,0.76993950
logarithmic,0.80000000,0.30000000,-1.00000000,5,0.76222448
logarithmic,0.80000000,0.30000000,-1.00000000,6,0.75442606
logarithmic,0.80000000,0.30000000,-1.00000000,7,0.74654240
logarithmic,0.80000000,0.30000000,-1.00000000,8,0.73857163
logarithmic,0.80000000,0.30000000,-1.00000000,9,0.73051179
logarithmic,0.80000000,0.30000000,-1.00000000,10,0.72236089
logarithmic,0.80000000,0.30000000,-1.00000000,11,0.71411683
logarithmic,0.80000000,0.30000000,-1.00000000,12,0.70577746
logarithmic,0.80000000,0.30000000,-1.00000000,13,0.69734055
logarithmic,0.80000000,0.30000000,-1.00000000,14,0.68880379
logarithmic,0.80000000,0.30000000,-1.00000000,15,0.68016479
logarithmic,0.80000000,0.30000000,-1.00000000,16,0.67142108
logarithmic,0.80000000,0.30000000,-1.00000000,17,0.66257008
logarithmic,0.80000000,0.30000000,-1.00000000,18,0.65360913
logarithmic,0.80000000,0.30000000,-1.00000000,19,0.64453545
logarithmic,0.80000000,0.30000000,-1.00000000,20,0.63534619
logarithmic,0.80000000,0.30000000,-1.00000000,21,0.62603835
logarithmic,0.80000000,0.30000000,-1.00000000,22,0.61660883
logarithmic,0.80000000,0.30000000,-1.00000000,23,0.60705442
logarithmic,0.80000000,0.30000000,-1.00000000,24,0.59737176
logarithmic,0.80000000,0.30000000,-1.00000000,25,0.58755736
logarithmic,0.80000000,0.30000000,-1.00000000,26,0.57760758
logarithmic,0.80000000,0.30000000,-1.00000000,27,0.56751864
logarithmic,0.80000000,0.30000000,-1.00000000,28,0.55728659
logarithmic,0.80000000,0.30000000,-1.00000000,29,0.54690731
logarithmic,0.80000000,0.30000000,-1.00000000,30,0.53637650
logarithmic,0.80000000,0.30000000,-1.00000000,31,0.52568967
logarithmic,0.80000000,0.30000000,-1.00000000,32,0.51484214
logarithmic,0.80000000,0.30000000,-1.00000000,33,0.50382898
logarithmic,0.80000000,0.30000000,-1.00000000,34,0.49264508
logarithmic,0.80000000,0.30000000,-1.00000000,35,0.48128504
logarithmic,0.80000000,0.30000000,-1.00000000,36,0.46974323
logarithmic,0.80000000,0.30000000,-1.00000000,37,0.45801375
logarithmic,0.80000000,0.30000000,-1.00000000,38,0.44609038
logarithmic,0.80000000,0.30000000,-1.00000000,39,0.43396660
logarithmic,0.80000000,0.30000000,-1.00000000,40,0.42163558
logarithmic,0.80000000,0.30000000,-1.00000000,41,0.40909009
logarithmic,0.80000000,0.30000000,-1.00000000,42,0.39632254
logarithmic,0.80000000,0.30000000,-1.00000000,43,0.38332493
logarithmic,0.80000000,0.30000000,-1.00000000,44,0.37008883
logarithmic,0.80000000,0.30000000,-1.00000000,45,0.35660531
logarithmic,0.80000000,0.30000000,-1.00000000,46,0.34286494
logarithmic,0.80000000,0.30000000,-1.00000000,47,0.32885775
logarithmic,0.80000000,0.30000000,-1.00000000,48,0.31457317
logarithmic,0.80000000,0.30000000,-1.00000000,49,0.30000000
logarithmic,0.80000000,0.30000000,1.00000000,0,0.80000000
logarithmic,0.80000000,0.30000000,1.00000000,1,0.78542683
logarithmic,0.80000000,0.30000000,1.00000000,2,0.77114225
logarithmic,0.80000000,0.30000000,1.00000000,3,0.75713506
logarithmic,0.80000000,0.30000000,1.00000000,4,0.74339469
logarithmic,0.80000000,0.30000000,1.00000000,5,0.72991117
logarithmic,0.80000000,0.30000000,1.00000000,6,0.71667507
logarithmic,0.80000000,0.30000000,1.00000000,7,0.70367746
logarithmic,0.80000000,0.30000000,1.00000000,8,0.69090991
logarithmic,0.80000000,0.30000000,1.00000000,9,0.67836442
logarithmic,0.80000000,0.30000000,1.00000000,10,0.66603340
logarithmic,0.80000000,0.30000000,1.00000000,11,0.65390962
logarithmic,0.80000000,0.30000000,1.00000000,12,0.64198625
logarithmic,0.80000000,0.30000000,1.00000000,13,0.63025677
logarithmic,0.80000000,0.30000000,1.00000000,14,0.61871496
logarithmic,0.80000000,0.30000000,1.00000000,15,0.60735492
logarithmic,0.80000000,0.30000000,1.00000000,16,0.59617102
logarithmic,0.80000000,0.30000000,1.00000000,17,0.58515786
logarithmic,0.80000000,0.30000000,1.00000000,18,0.57431033
logarithmic,0.80000000,0.30000000,1.00000000,19,0.56362350
logarithmic,0.80000000,0.30000000,1.00000000,20,0.55309269
logarithmic,0.80000000,0.30000000,1.00000000,21,0.54271341
logarithmic,0.80000000,0.30000000,1.00000000,22,0.53248136
logarithmic,0.80000000,0.30000000,1.00000000,23,0.52239242
logarithmic,0.80000000,0.30000000,1.00000000,24,0.51244264
logarithmic,0.80000000,0.30000000,1.00000000,25,0.50262824
logarithmic,0.80000000,0.30000000,1.00000000,26,0.49294558
logarithmic,0.80000000,0.30000000,1.00000000,27,0.48339117
logarithmic,0.80000000,0.30000000,1.00000000,28,0.47396165
logarithmic,0.80000000,0.30000000,1.00000000,29,0.46465381
logarithmic,0.80000000,0.30000000,1.00000000,30,0.45546455
logarithmic,0.80000000,0.30000000,1.00000000,31,0.44639087
logarithmic,0.80000000,0.30000000,1.00000000,32,0.43742992
logarithmic,0.80000000,0.30000000,1.00000000,33,0.42857892
logarithmic,0.80000000,0.30000000,1.00000000,34,0.41983521
logarithmic,0.80000000,0.30000000,1.00000000,35,0.41119621
logarithmic,0.80000000,0.30000000,1.00000000,36,0.40265945
logarithmic,0.80000000,0.30000000,1.00000000,37,0.39422254
logarithmic,0.80000000,0.30000000,1.00000000,38,0.38588317
logarithmic,0.80000000,0.30000000,1.00000000,39,0.37763911
logarithmic,0.80000000,0.30000000,1.00000000,40,0.36948821
logarithmic,0.80000000,0.30000000,1.00000000,41,0.36142837
logarithmic,0.80000000,0.30000000,1.00000000,42,0.35345760
logarithmic,0.80000000,0.30000000,1.00000000,43,0.34557394
logarithmic,0.80000000,0.30000000,1.00000000,44,0.33777552
logarithmic,0.80000000,0.30000000,1.00000000,45,0.33006050
logarithmic,0.80000000,0.30000000,1.00000000,46,0.32242712
logarithmic,0.80000000,0.30000000,1.00000000,47,0.31487367
logarithmic,0.80000000,0.30000000,1.00000000,48,0.30739850
logarithmic,0.80000000,0.30000000,1.00000000,49,0.30000000
logarithmic,0.80000000,0.30000000,3.00000000,0,0.80000000
logarithmic,0.80000000,0.30000000,3.00000000,1,0.77856753
logarithmic,0.80000000,0.30000000,3.00000000,2,0.75833753
logarithmic,0.80000000,0.30000000,3.00000000,3,0.73918221
logarithmic,0.80000000,0.30000000,3.00000000,4,0.72099313
logarithmic,0.80000000,0.30000000,3.00000000,5,0.70367746
logarithmic,0.80000000,0.30000000,3.00000000,6,0.68715516
logarithmic,0.80000000,0.30000000,3.00000000,7,0.67135671
logarithmic,0.80000000,0.30000000,3.00000000,8,0.65622132
logarithmic,0.80000000,0.30000000,3.00000000,9,0.64169558
logarithmic,0.80000000,0.30000000,3.00000000,10,0.62773227
logarithmic,0.80000000,0.30000000,3.00000000,11,0.61428946
logarithmic,0.80000000,0.30000000,3.00000000,12,0.60132973
logarithmic,0.80000000,0.30000000,3.00000000,13,0.58881956
logarithmic,0.80000000,0.30000000,3.00000000,14,0.57672880
logarithmic,0.80000000,0.30000000,3.00000000,15,0.56503025
logarithmic,0.80000000,0.30000000,3.00000000,16,0.55369925
logarithmic,0.80000000,0.30000000,3.00000000,17,0.54271341
logarithmic,0.80000000,0.30000000,3.00000000,18,0.53205233
logarithmic,0.80000000,0.30000000,3.00000000,19,0.52169735
logarithmic,0.80000000,0.30000000,3.00000000,20,0.51163138
logarithmic,0.80000000,0.30000000,3.00000000,21,0.50183873
logarithmic,0.80000000,0.30000000,3.00000000,22,0.49230495
logarithmic,0.80000000,0.30000000,3.00000000,23,0.48301670
logarithmic,0.80000000,0.30000000,3.00000000,24,0.47396165
logarithmic,0.80000000,0.30000000,3.00000000,25,0.46512838
logarithmic,0.80000000,0.30000000,3.00000000,26,0.45650629
logarithmic,0.80000000,0.30000000,3.00000000,27,0.44808551
logarithmic,0.80000000,0.30000000,3.00000000,28,0.43985685
logarithmic,0.80000000,0.30000000,3.00000000,29,0.43181175
logarithmic,0.80000000,0.30000000,3.00000000,30,0.42394219
logarithmic,0.80000000,0.30000000,3.00000000,31,0.41624068
logarithmic,0.80000000,0.30000000,3.00000000,32,0.40870019
logarithmic,0.80000000,0.30000000,3.00000000,33,0.40131412
logarithmic,0.80000000,0.30000000,3.00000000,34,0.39407628
logarithmic,0.80000000,0.30000000,3.00000000,35,0.38698083
logarithmic,0.80000000,0.30000000,3.00000000,36,0.38002227
logarithmic,0.80000000,0.30000000,3.00000000,37,0.37319544
logarithmic,0.80000000,0.30000000,3.00000000,38,0.36649542
logarithmic,0.80000000,0.30000000,3.00000000,39,0.35991760
logarithmic,0.80000000,0.30000000,3.00000000,40,0.35345760
logarithmic,0.80000000,0.30000000,3.00000000,41,0.34711127
logarithmic,0.80000000,0.30000000,3.00000000,42,0.34087468
logarithmic,0.80000000,0.30000000,3.00000000,43,0.33474410
logarithmic,0.80000000,0.30000000,3.00000000,44,0.32871599
logarithmic,0.80000000,0.30000000,3.00000000,45,0.32278697
logarithmic,0.80000000,0.30000000,3.00000000,46,0.31695385
logarithmic,0.80000000,0.30000000,3.00000000,47,0.31121356
logarithmic,0.80000000,0.30000000,3.00000000,48,0.30556320
logarithmic,0.80000000,0.30000000,3.00000000,49,0.30000000
logarithmic,0.80000000,0.30000000,9.00000000,0,0.80000000
logarithmic,0.80000000,0.30000000,9.00000000,1,0.76338404
logarithmic,0.80000000,0.30000000,9.00000000,2,0.73206064
logarithmic,0.80000000,0.30000000,9.00000000,3,0.70469124
logarithmic,0.80000000,0.30000000,9.00000000,4,0.68038858
logarithmic,0.80000000,0.30000000,9.00000000,5,0.65853411
logarithmic,0.80000000,0.30000000,9.00000000,6,0.63867943
logarithmic,0.80000000,0.30000000,9.00000000,7,0.62048903
logarithmic,0.80000000,0.30000000,9.00000000,8,0.60370535
logarithmic,0.80000000,0.30000000,9.00000000,9,0.58812636
logarithmic,0.80000000,0.30000000,9.00000000,10,0.57359064
logarithmic,0.80000000,0.30000000,9.00000000,11,0.55996718
logarithmic,0.80000000,0.30000000,9.00000000,12,0.54714821
logarithmic,0.80000000,0.30000000,9.00000000,13,0.53504400
logarithmic,0.80000000,0.30000000,9.00000000,14,0.52357902
logarithmic,0.80000000,0.30000000,9.00000000,15,0.51268913
logarithmic,0.80000000,0.30000000,9.00000000,16,0.50231939
logarithmic,0.80000000,0.30000000,9.00000000,17,0.49242236
logarithmic,0.80000000,0.30000000,9.00000000,18,0.48295681
logarithmic,0.80000000,0.30000000,9.00000000,19,0.47388670
logarithmic,0.80000000,0.30000000,9.00000000,20,0.46518030
logarithmic,0.80000000,0.30000000,9.00000000,21,0.45680956
logarithmic,0.80000000,0.30000000,9.00000000,22,0.44874956
logarithmic,0.80000000,0.30000000,9.00000000,23,0.44097806
logarithmic,0.80000000,0.30000000,9.00000000,24,0.43347510
logarithmic,0.80000000,0.30000000,9.00000000,25,0.42622276
logarithmic,0.80000000,0.30000000,9.00000000,26,0.41920482
logarithmic,0.80000000,0.30000000,9.00000000,27,0.41240661
logarithmic,0.80000000,0.30000000,9.00000000,28,0.40581479
logarithmic,0.80000000,0.30000000,9.00000000,29,0.39941719
logarithmic,0.80000000,0.30000000,9.00000000,30,0.39320270
logarithmic,0.80000000,0.30000000,9.00000000,31,0.38716112
logarithmic,0.80000000,0.30000000,9.00000000,32,0.38128309
logarithmic,0.80000000,0.30000000,9.00000000,33,0.37555999
logarithmic,0.80000000,0.30000000,9.00000000,34,0.36998386
logarithmic,0.80000000,0.30000000,9.00000000,35,0.36454735
logarithmic,0.80000000,0.30000000,9.00000000,36,0.35924362
logarithmic,0.80000000,0.30000000,9.00000000,37,0.35406636
logarithmic,0.80000000,0.30000000,9.00000000,38,0.34900966
logarithmic,0.80000000,0.30000000,9.00000000,39,0.34406804
logarithmic,0.80000000,0.30000000,9.00000000,40,0.33923639
logarithmic,0.80000000,0.30000000,9.00000000,41,0.33450990
logarithmic,0.80000000,0.30000000,9.00000000,42,0.32988410
logarithmic,0.80000000,0.30000000,9.00000000,43,0.32535480
logarithmic,0.80000000,0.30000000,9.00000000,44,0.32091803
logarithmic,0.80000000,0.30000000,9.00000000,45,0.31657011
logarithmic,0.80000000,0.30000000,9.00000000,46,0.31230754
logarithmic,0.80000000,0.30000000,9.00000000,47,0.30812704
logarithmic,0.80000000,0.30000000,9.00000000,48,0.30402550
logarithmic,0.80000000,0.30000000,9.00000000,49,0.30000000
linear,0.70000000,0.30000000,1.00000000,0,0.70000000
linear,0.70000000,0.30000000,1.00000000,1,0.69183673
linear,0.70000000,0.30000000,1.00000000,2,0.68367347
linear,0.70000000,0.30000000,1.00000000,3,0.67551020
linear,0.70000000,0.30000000,1.00000000,4,0.66734694
linear,0.70000000,0.30000000,1.00000000,5,0.65918367
linear,0.70000000,0.30000000,1.00000000,6,0.65102041
linear,0.70000000,0.30000000,1.00000000,7,0.64285714
linear,0.70000000,0.30000000,1.00000000,8,0.63469388
linear,0.70000000,0.30000000,1.00000000,9,0.62653061
linear,0.70000000,0.30000000,1.00000000,10,0.61836735
linear,0.70000000,0.30000000,1.00000000,11,0.61020408
linear,0.70000000,0.30000000,1.00000000,12,0.60204082
linear,0.70000000,0.30000000,1.00000000,13,0.59387755
linear,0.70000000,0.30000000,1.00000000,14,0.58571429
linear,0.70000000,0.30000000,1.00000000,15,0.57755102
linear,0.70000000,0.30000000,1.00000000,16,0.56938776
linear,0.70000000,0.30000000,1.00000000,17,0.56122449
linear,0.70000000,0.30000000,1.00000000,18,0.55306122
linear,0.70000000,0.30000000,1.00000000,19,0.54489796
linear,0.70000000,0.30000000,1.00000000,20,0.53673469
linear,0.70000000,0.30000000,1.00000000,21,0.52857143
linear,0.70000000,0.30000000,1.00000000,22,0.52040816
linear,0.70000000,0.30000000,1.00000000,23,0.51224490
linear,0.70000000,0.30000000,1.00000000,24,0.50408163
linear,0.70000000,0.30000000,1.00000000,25,0.49591837
linear,0.70000000,0.30000000,1.00000000,26,0.48775510
linear,0.70000000,0.30000000,1.00000000,27,0.47959184
linear,0.70000000,0.30000000,1.00000000,28,0.47142857
linear,0.70000000,0.30000000,1.00000000,29,0.46326531
linear,0.70000000,0.30000000,1.00000000,30,0.45510204
linear,0.70000000,0.30000000,1.00000000,31,0.44693878
linear,0.70000000,0.30000000,1.00000000,32,0.43877551
linear,0.70000000,0.30000000,1.00000000,33,0.43061224
linear,0.70000000,0.30000000,1.00000000,34,0.42244898
linear,0.70000000,0.30000000,1.00000000,35,0.41428571
linear,0.70000000,0.30000000,1.00000000,36,0.40612245
linear,0.70000000,0.30000000,1.00000000,37,0.39795918
linear,0.70000000,0.30000000,1.00000000,38,0.38979592
linear,0.70000000,0.30000000,1.00000000,39,0.38163265
linear,0.70000000,0.30000000,1.00000000,40,0.37346939
linear,0.70000000,0.30000000,1.00000000,41,0.36530612
linear,0.70000000,0.30000000,1.00000000,42,0.35714286
linear,0.70000000,0.30000000,1.00000000,43,0.34897959
linear,0.70000000,0.30000000,1.00000000,44,0.34081633
linear,0.70000000,0.30000000,1.00000000,45,0.33265306
linear,0.70000000,0.30000000,1.00000000,46,0.32448980
linear,0.70000000,0.30000000,1.00000000,47,0.31632653
linear,0.70000000,0.30000000,1.00000000,48,0.30816327
linear,0.70000000,0.30000000,1.00000000,49,0.30000000
exponential,0.70000000,0.30000000,-4.00000000,0,0.70000000
exponential,0.70000000,0.30000000,-4.00000000,1,0.66805916
exponential,0.70000000,0.30000000,-4.00000000,2,0.63862215
exponential,0.70000000,0.30000000,-4.00000000,3,0.61149270
exponential,0.70000000,0.30000000,-4.00000000,4,0.58648991
exponential,0.70000000,0.30000000,-4.00000000,5,0.56344707
exponential,0.70000000,0.30000000,-4.00000000,6,0.54221056
exponential,0.70000000,0.30000000,-4.00000000,7,0.52263876
exponential,0.70000000,0.30000000,-4.00000000,8,0.50460119
exponential,0.70000000,0.30000000,-4.00000000,9,0.48797758
exponential,0.70000000,0.30000000,-4.00000000,10,0.47265709
exponential,0.70000000,0.30000000,-4.00000000,11,0.45853756
exponential,0.70000000,0.30000000,-4.00000000,12,0.44552485
exponential,0.70000000,0.30000000,-4.00000000,13,0.43353221
exponential,0.70000000,0.30000000,-4.00000000,14,0.42247966
exponential,0.70000000,0.30000000,-4.00000000,15,0.41229352
exponential,0.70000000,0.30000000,-4.00000000,16,0.40290586
exponential,0.70000000,0.30000000,-4.00000000,17,0.39425410
exponential,0.70000000,0.30000000,-4.00000000,18,0.38628055
exponential,0.70000000,0.30000000,-4.00000000,19,0.37893204
exponential,0.70000000,0.30000000,-4.00000000,20,0.37215957
exponential,0.70000000,0.30000000,-4.00000000,21,0.36591800
exponential,0.70000000,0.30000000,-4.00000000,22,0.36016570
exponential,0.70000000,0.30000000,-4.00000000,23,0.35486432
exponential,0.70000000,0.30000000,-4.00000000,24,0.34997851
exponential,0.70000000,0.30000000,-4.00000000,25,0.34547570
exponential,0.70000000,0.30000000,-4.00000000,26,0.34132587
exponential,0.70000000,0.30000000,-4.00000000,27,0.33750133
exponential,0.70000000,0.30000000,-4.00000000,28,0.33397660
exponential,0.70000000,0.30000000,-4.00000000,29,0.33072818
exponential,0.70000000,0.30000000,-4.00000000,30,0.32773439
exponential,0.70000000,0.30000000,-4.00000000,31,0.32497529
exponential,0.70000000,0.30000000,-4.00000000,32,0.32243247
exponential,0.70000000,0.30000000,-4.00000000,33,0.32008898
exponential,0.70000000,0.30000000,-4.00000000,34,0.31792920
exponential,0.70000000,0.30000000,-4.00000000,35,0.31593872
exponential,0.70000000,0.30000000,-4.00000000,36,0.31410427
exponential,0.70000000,0.30000000,-4.00000000,37,0.31241363
exponential,0.70000000,0.30000000,-4.00000000,38,0.31085551
exponential,0.70000000,0.30000000,-4.00000000,39,0.30941954
exponential,0.70000000,0.30000000,-4.00000000,40,0.30809613
exponential,0.70000000,0.30000000,-4.00000000,41,0.30687646
exponential,0.70000000,0.30000000,-4.00000000,42,0.30575240
exponential,0.70000000,0.30000000,-4.00000000,43,0.30471645
exponential,0.70000000,0.30000000,-4.00000000,44,0.30376172
exponential,0.70000000,0.30000000,-4.00000000,45,0.30288182
exponential,0.70000000,0.30000000,-4.00000000,46,0.30207090
exponential,0.70000000,0.30000000,-4.00000000,47,0.30132355
exponential,0.70000000,0.30000000,-4.00000000,48,0.30063478
exponential,0.70000000,0.30000000,-4.00000000,49,0.30000000
exponential,0.70000000,0.30000000,-2.00000000,0,0.70000000
exponential,0.70000000,0.30000000,-2.00000000,1,0.68149823
exponential,0.70000000,0.30000000,-2.00000000,2,0.66373644
exponential,0.70000000,0.30000000,-2.00000000,3,0.64668502
exponential,0.70000000,0.30000000,-2.00000000,4,0.63031556
exponential,0.70000000,0.30000000,-2.00000000,5,0.61460080
exponential,0.70000000,0.30000000,-2.00000000,6,0.59951454
exponential,0.70000000,0.30000000,-2.00000000,7,0.58503164
exponential,0.70000000,0.30000000,-2.00000000,8,0.57112799
exponential,0.70000000,0.30000000,-2.00000000,9,0.55778040
exponential,0.70000000,0.30000000,-2.00000000,10,0.54496664
exponential,0.70000000,0.30000000,-2.00000000,11,0.53266537
exponential,0.70000000,0.30000000,-2.00000000,12,0.52085608
exponential,0.70000000,0.30000000,-2.00000000,13,0.50951910
exponential,0.70000000,0.30000000,-2.00000000,14,0.49863553
exponential,0.70000000,0.30000000,-2.00000000,15,0.48818725
exponential,0.70000000,0.30000000,-2.00000000,16,0.47815684
exponential,0.70000000,0.30000000,-2.00000000,17,0.46852760
exponential,0.70000000,0.30000000,-2.00000000,18,0.45928347
exponential,0.70000000,0.30000000,-2.00000000,19,0.45040905
exponential,0.70000000,0.30000000,-2.00000000,20,0.44188957
exponential,0.70000000,0.30000000,-2.00000000,21,0.43371082
exponential,0.70000000,0.30000000,-2.00000000,22,0.42585917
exponential,0.70000000,0.30000000,-2.00000000,23,0.41832155
exponential,0.70000000,0.30000000,-2.00000000,24,0.41108539
exponential,0.70000000,0.30000000,-2.00000000,25,0.40413863
exponential,0.70000000,0.30000000,-2.00000000,26,0.39746971
exponential,0.70000000,0.30000000,-2.00000000,27,0.39106751
exponential,0.70000000,0.30000000,-2.00000000,28,0.38492137
exponential,0.70000000,0.30000000,-2.00000000,29,0.37902103
exponential,0.70000000,0.30000000,-2.00000000,30,0.37335668
exponential,0.70000000,0.30000000,-2.00000000,31,0.36791887
exponential,0.70000000,0.30000000,-2.00000000,32,0.36269854
exponential,0.70000000,0.30000000,-2.00000000,33,0.35768700
exponential,0.70000000,0.30000000,-2.00000000,34,0.35287589
exponential,0.70000000,0.30000000,-2.00000000,35,0.34825720
exponential,0.70000000,0.30000000,-2.00000000,36,0.34382324
exponential,0.70000000,0.30000000,-2.00000000,37,0.33956660
exponential,0.70000000,0.30000000,-2.00000000,38,0.33548021
exponential,0.70000000,0.30000000,-2.00000000,39,0.33155726
exponential,0.70000000,0.30000000,-2.00000000,40,0.32779120
exponential,0.70000000,0.30000000,-2.00000000,41,0.32417576
exponential,0.70000000,0.30000000,-2.00000000,42,0.32070492
exponential,0.70000000,0.30000000,-2.00000000,43,0.31737289
exponential,0.70000000,0.30000000,-2.00000000,44,0.31417413
exponential,0.70000000,0.30000000,-2.00000000,45,0.31110330
exponential,0.70000000,0.30000000,-2.00000000,46,0.30815529
exponential,0.70000000,0.30000000,-2.00000000,47,0.30532518
exponential,0.70000000,0.30000000,-2.00000000,48,0.30260826
exponential,0.70000000,0.30000000,-2.00000000,49,0.30000000
exponential,0.70000000,0.30000000,-1.00000000,0,0.70000000
exponential,0.70000000,0.30000000,-1.00000000,1,0.68721679
exponential,0.70000000,0.30000000,-1.00000000,2,0.67469182
exponential,0.70000000,0.30000000,-1.00000000,3,0.66241986
exponential,0.70000000,0.30000000,-1.00000000,4,0.65039582
exponential,0.70000000,0.30000000,-1.00000000,5,0.63861468
exponential,0.70000000,0.30000000,-1.00000000,6,0.62707153
exponential,0.70000000,0.30000000,-1.00000000,7,0.61576158
exponential,0.70000000,0.30000000,-1.00000000,8,0.60468009
exponential,0.70000000,0.30000000,-1.00000000,9,0.59382247
exponential,0.70000000,0.30000000,-1.00000000,10,0.58318419
exponential,0.70000000,0.30000000,-1.00000000,11,0.57276081
exponential,0.70000000,0.30000000,-1.00000000,12,0.56254800
exponential,0.70000000,0.30000000,-1.00000000,13,0.55254150
exponential,0.70000000,0.30000000,-1.00000000,14,0.54273715
exponential,0.70000000,0.30000000,-1.00000000,15,0.53313085
exponential,0.70000000,0.30000000,-1.00000000,16,0.52371862
exponential,0.70000000,0.30000000,-1.00000000,17,0.51449653
exponential,0.70000000,0.30000000,-1.00000000,18,0.50546073
exponential,0.70000000,0.30000000,-1.00000000,19,0.49660747
exponential,0.70000000,0.30000000,-1.00000000,20,0.48793306
exponential,0.70000000,0.30000000,-1.00000000,21,0.47943388
exponential,0.70000000,0.30000000,-1.00000000,22,0.47110640
exponential,0.70000000,0.30000000,-1.00000000,23,0.46294714
exponential,0.70000000,0.30000000,-1.00000000,24,0.45495271
exponential,0.70000000,0.30000000,-1.00000000,25,0.44711978
exponential,0.70000000,0.30000000,-1.00000000,26,0.43944509
exponential,0.70000000,0.30000000,-1.00000000,27,0.43192543
exponential,0.70000000,0.30000000,-1.00000000,28,0.42455768
exponential,0.70000000,0.30000000,-1.00000000,29,0.41733877
exponential,0.70000000,0.30000000,-1.00000000,30,0.41026569
exponential,0.70000000,0.30000000,-1.00000000,31,0.40333550
exponential,0.70000000,0.30000000,-1.00000000,32,0.39654530
exponential,0.70000000,0.30000000,-1.00000000,33,0.38989228
exponential,0.70000000,0.30000000,-1.00000000,34,0.38337366
exponential,0.70000000,0.30000000,-1.00000000,35,0.37698672
exponential,0.70000000,0.30000000,-1.00000000,36,0.37072880
exponential,0.70000000,0.30000000,-1.00000000,37,0.36459731
exponential,0.70000000,0.30000000,-1.00000000,38,0.35858968
exponential,0.70000000,0.30000000,-1.00000000,39,0.35270341
exponential,0.70000000,0.30000000,-1.00000000,40,0.34693605
exponential,0.70000000,0.30000000,-1.00000000,41,0.34128520
exponential,0.70000000,0.30000000,-1.00000000,42,0.33574850
exponential,0.70000000,0.30000000,-1.00000000,43,0.33032365
exponential,0.70000000,0.30000000,-1.00000000,44,0.32500839
exponential,0.70000000,0.30000000,-1.00000000,45,0.31980051
exponential,0.70000000,0.30000000,-1.00000000,46,0.31469783
exponential,0.70000000,0.30000000,-1.00000000,47,0.30969824
exponential,0.70000000,0.30000000,-1.00000000,48,0.30479964
exponential,0.70000000,0.30000000,-1.00000000,49,0.30000000
exponential,0.70000000,0.30000000,1.00000000,0,0.70000000
exponential,0.70000000,0.30000000,1.00000000,1,0.69520036
exponential,0.70000000,0.30000000,1.00000000,2,0.69030176
exponential,0.70000000,0.30000000,1.00000000,3,0.68530217
exponential,0.70000000,0.30000000,1.00000000,4,0.68019949
exponential,0.70000000,0.30000000,1.00000000,5,0.67499161
exponential,0.70000000,0.30000000,1.00000000,6,0.66967635
exponential,0.70000000,0.30000000,1.00000000,7,0.66425150
exponential,0.70000000,0.30000000,1.00000000,8,0.65871480
exponential,0.70000000,0.30000000,1.00000000,9,0.65306395
exponential,0.70000000,0.30000000,1.00000000,10,0.64729659
exponential,0.70000000,0.30000000,1.00000000,11,0.64141032
exponential,0.70000000,0.30000000,1.00000000,12,0.63540269
exponential,0.70000000,0.30000000,1.00000000,13,0.62927120
exponential,0.70000000,0.30000000,1.00000000,14,0.62301328
exponential,0.70000000,0.30000000,1.00000000,15,0.61662634
exponential,0.70000000,0.30000000,1.00000000,16,0.61010772
exponential,0.70000000,0.30000000,1.00000000,17,0.60345470
exponential,0.70000000,0.30000000,1.00000000,18,0.59666450
exponential,0.70000000,0.30000000,1.00000000,19,0.58973431
exponential,0.70000000,0.30000000,1.00000000,20,0.58266123
exponential,0.70000000,0.30000000,1.00000000,21,0.57544232
exponential,0.70000000,0.30000000,1.00000000,22,0.56807457
exponential,0.70000000,0.30000000,1.00000000,23,0.56055491
exponential,0.70000000,0.30000000,1.00000000,24,0.55288022
exponential,0.70000000,0.30000000,1.00000000,25,0.54504729
exponential,0.70000000,0.30000000,1.00000000,26,0.53705286
exponential,0.70000000,0.30000000,1.00000000,27,0.52889360
exponential,0.70000000,0.30000000,1.00000000,28,0.52056612
exponential,0.70000000,0.30000000,1.00000000,29,0.51206694
exponential,0.70000000,0.30000000,1.00000000,30,0.50339253
exponential,0.70000000,0.30000000,1.00000000,31,0.49453927
exponential,0.70000000,0.30000000,1.00000000,32,0.48550347
exponential,0.70000000,0.30000000,1.00000000,33,0.47628138
exponential,0.70000000,0.30000000,1.00000000,34,0.46686915
exponential,0.70000000,0.30000000,1.00000000,35,0.45726285
exponential,0.70000000,0.30000000,1.00000000,36,0.44745850
exponential,0.70000000,0.30000000,1.00000000,37,0.43745200
exponential,0.70000000,0.30000000,1.00000000,38,0.42723919
exponential,0.70000000,0.30000000,1.00000000,39,0.41681581
exponential,0.70000000,0.30000000,1.00000000,40,0.40617753
exponential,0.70000000,0.30000000,1.00000000,41,0.39531991
exponential,0.70000000,0.30000000,1.00000000,42,0.38423842
exponential,0.70000000,0.30000000,1.00000000,43,0.37292847
exponential,0.70000000,0.30000000,1.00000000,44,0.36138532
exponential,0.70000000,0.30000000,1.00000000,45,0.34960418
exponential,0.70000000,0.30000000,1.00000000,46,0.33758014
exponential,0.70000000,0.30000000,1.00000000,47,0.32530818
exponential,0.70000000,0.30000000,1.00000000,48,0.31278321
exponential,0.70000000,0.30000000,1.00000000,49,0.30000000
exponential,0.70000000,0.30000000,2.00000000,0,0.70000000
exponential,0.70000000,0.30000000,2.00000000,1,0.69739174
exponential,0.70000000,0.30000000,2.00000000,2,0.69467482
exponential,0.70000000,0.30000000,2.00000000,3,0.69184471
exponential,0.70000000,0.30000000,2.00000000,4,0.68889670
exponential,0.70000000,0.30000000,2.00000000,5,0.68582587
exponential,0.70000000,0.30000000,2.00000000,6,0.68262711
exponential,0.70000000,0.30000000,2.00000000,7,0.67929508
exponential,0.70000000,0.30000000,2.00000000,8,0.67582424
exponential,0.70000000,0.30000000,2.00000000,9,0.67220880
exponential,0.70000000,0.30000000,2.00000000,10,0.66844274
exponential,0.70000000,0.30000000,2.00000000,11,0.66451979
exponential,0.70000000,0.30000000,2.00000000,12,0.66043340
exponential,0.70000000,0.30000000,2.00000000,13,0.65617676
exponential,0.70000000,0.30000000,2.00000000,14,0.65174280
exponential,0.70000000,0.30000000,2.00000000,15,0.64712411
exponential,0.70000000,0.30000000,2.00000000,16,0.64231300
exponential,0.70000000,0.30000000,2.00000000,17,0.63730146
exponential,0.70000000,0.30000000,2.00000000,18,0.63208113
exponential,0.70000000,0.30000000,2.00000000,19,0.62664332
exponential,0.70000000,0.30000000,2.00000000,20,0.62097897
exponential,0.70000000,0.30000000,2.00000000,21,0.61507863
exponential,0.70000000,0.30000000,2.00000000,22,0.60893249
exponential,0.70000000,0.30000000,2.00000000,23,0.60253029
exponential,0.70000000,0.30000000,2.00000000,24,0.59586137
exponential,0.70000000,0.30000000,2.00000000,25,0.58891461
exponential,0.70000000,0.30000000,2.00000000,26,0.58167845
exponential,0.70000000,0.30000000,2.00000000,27,0.57414083
exponential,0.70000000,0.30000000,2.00000000,28,0.56628918
exponential,0.70000000,0.30000000,2.00000000,29,0.55811043
exponential,0.70000000,0.30000000,2.00000000,30,0.54959095
exponential,0.70000000,0.30000000,2.00000000,31,0.54071653
exponential,0.70000000,0.30000000,2.00000000,32,0.53147240
exponential,0.70000000,0.30000000,2.00000000,33,0.52184316
exponential,0.70000000,0.30000000,2.00000000,34,0.51181275
exponential,0.70000000,0.30000000,2.00000000,35,0.50136447
exponential,0.70000000,0.30000000,2.00000000,36,0.49048090
exponential,0.70000000,0.30000000,2.00000000,37,0.47914392
exponential,0.70000000,0.30000000,2.00000000,38,0.46733463
exponential,0.70000000,0.30000000,2.00000000,39,0.45503336
exponential,0.70000000,0.30000000,2.00000000,40,0.44221960
exponential,0.70000000,0.30000000,2.00000000,41,0.42887201
exponential,0.70000000,0.30000000,2.00000000,42,0.41496836
exponential,0.70000000,0.30000000,2.00000000,43,0.40048546
exponential,0.70000000,0.30000000,2.00000000,44,0.38539920
exponential,0.70000000,0.30000000,2.00000000,45,0.36968444
exponential,0.70000000,0.30000000,2.00000000,46,0.35331498
exponential,0.70000000,0.30000000,2.00000000,47,0.33626356
exponential,0.70000000,0.30000000,2.00000000,48,0.31850177
exponential,0.70000000,0.30000000,2.00000000,49,0.30000000
exponential,0.70000000,0.30000000,4.00000000,0,0.70000000
exponential,0.70000000,0.30000000,4.00000000,1,0.69936522
exponential,0.70000000,0.30000000,4.00000000,2,0.69867645
exponential,0.70000000,0.30000000,4.00000000,3,0.69792910
exponential,0.70000000,0.30000000,4.00000000,4,0.69711818
exponential,0.70000000,0.30000000,4.00000000,5,0.69623828
exponential,0.70000000,0.30000000,4.00000000,6,0.69528355
exponential,0.70000000,0.30000000,4.00000000,7,0.69424760
exponential,0.70000000,0.30000000,4.00000000,8,0.69312354
exponential,0.70000000,0.30000000,4.00000000,9,0.69190387
exponential,0.70000000,0.30000000,4.00000000,10,0.69058046
exponential,0.70000000,0.30000000,4.00000000,11,0.68914449
exponential,0.70000000,0.30000000,4.00000000,12,0.68758637
exponential,0.70000000,0.30000000,4.00000000,13,0.68589573
exponential,0.70000000,0.30000000,4.00000000,14,0.68406128
exponential,0.70000000,0.30000000,4.00000000,15,0.68207080
exponential,0.70000000,0.30000000,4.00000000,16,0.67991102
exponential,0.70000000,0.30000000,4.00000000,17,0.67756753
exponential,0.70000000,0.30000000,4.00000000,18,0.67502471
exponential,0.70000000,0.30000000,4.00000000,19,0.67226561
exponential,0.70000000,0.30000000,4.00000000,20,0.66927182
exponential,0.70000000,0.30000000,4.00000000,21,0.66602340
exponential,0.70000000,0.30000000,4.00000000,22,0.66249867
exponential,0.70000000,0.30000000,4.00000000,23,0.65867413
exponential,0.70000000,0.30000000,4.00000000,24,0.65452430
exponential,0.70000000,0.30000000,4.00000000,25,0.65002149
exponential,0.70000000,0.30000000,4.00000000,26,0.64513568
exponential,0.70000000,0.30000000,4.00000000,27,0.63983430
exponential,0.70000000,0.30000000,4.00000000,28,0.63408200
exponential,0.70000000,0.30000000,4.00000000,29,0.62784043
exponential,0.70000000,0.30000000,4.00000000,30,0.62106796
exponential,0.70000000,0.30000000,4.00000000,31,0.61371945
exponential,0.70000000,0.30000000,4.00000000,32,0.60574590
exponential,0.70000000,0.30000000,4.00000000,33,0.59709414
exponential,0.70000000,0.30000000,4.00000000,34,0.58770648
exponential,0.70000000,0.30000000,4.00000000,35,0.57752034
exponential,0.70000000,0.30000000,4.00000000,36,0.56646779
exponential,0.70000000,0.30000000,4.00000000,37,0.55447515
exponential,0.70000000,0.30000000,4.00000000,38,0.54146244
exponential,0.70000000,0.30000000,4.00000000,39,0.52734291
exponential,0.70000000,0.30000000,4.00000000,40,0.51202242
exponential,0.70000000,0.30000000,4.00000000,41,0.49539881
exponential,0.70000000,0.30000000,4.00000000,42,0.47736124
exponential,0.70000000,0.30000000,4.00000000,43,0.45778944
exponential,0.70000000,0.30000000,4.00000000,44,0.43655293
exponential,0.70000000,0.30000000,4.00000000,45,0.41351009
exponential,0.70000000,0.30000000,4.00000000,46,0.38850730
exponential,0.70000000,0.30000000,4.00000000,47,0.36137785
exponential,0.70000000,0.30000000,4.00000000,48,0.33194084
exponential,0.70000000,0.30000000,4.00000000,49,0.30000000
logarithmic,0.70000000,0.30000000,-9.00000000,0,0.70000000
logarithmic,0.70000000,0.30000000,-9.00000000,1,0.69677960
logarithmic,0.70000000,0.30000000,-9.00000000,2,0.69349837
logarithmic,0.70000000,0.30000000,-9.00000000,3,0.69015396
logarithmic,0.70000000,0.30000000,-9.00000000,4,0.68674391
logarithmic,0.70000000,0.30000000,-9.00000000,5,0.68326557
logarithmic,0.70000000,0.30000000,-9.00000000,6,0.67971616
logarithmic,0.70000000,0.30000000,-9.00000000,7,0.67609272
logarithmic,0.70000000,0.30000000,-9.00000000,8,0.67239208
logarithmic,0.70000000,0.30000000,-9.00000000,9,0.66861089
logarithmic,0.70000000,0.30000000,-9.00000000,10,0.66474556
logarithmic,0.70000000,0.30000000,-9.00000000,11,0.66079227
logarithmic,0.70000000,0.30000000,-9.00000000,12,0.65674691
logarithmic,0.70000000,0.30000000,-9.00000000,13,0.65260510
logarithmic,0.70000000,0.30000000,-9.00000000,14,0.64836212
logarithmic,0.70000000,0.30000000,-9.00000000,15,0.64401291
logarithmic,0.70000000,0.30000000,-9.00000000,16,0.63955201
logarithmic,0.70000000,0.30000000,-9.00000000,17,0.63497353
logarithmic,0.70000000,0.30000000,-9.00000000,18,0.63027111
logarithmic,0.70000000,0.30000000,-9.00000000,19,0.62543784
logarithmic,0.70000000,0.30000000,-9.00000000,20,0.62046625
logarithmic,0.70000000,0.30000000,-9.00000000,21,0.61534817
logarithmic,0.70000000,0.30000000,-9.00000000,22,0.61007471
logarithmic,0.70000000,0.30000000,-9.00000000,23,0.60463614
logarithmic,0.70000000,0.30000000,-9.00000000,24,0.59902179
logarithmic,0.70000000,0.30000000,-9.00000000,25,0.59321992
logarithmic,0.70000000,0.30000000,-9.00000000,26,0.58721755
logarithmic,0.70000000,0.30000000,-9.00000000,27,0.58100035
logarithmic,0.70000000,0.30000000,-9.00000000,28,0.57455235
logarithmic,0.70000000,0.30000000,-9.00000000,29,0.56785576
logarithmic,0.70000000,0.30000000,-9.00000000,30,0.56089064
logarithmic,0.70000000,0.30000000,-9.00000000,31,0.55363455
logarithmic,0.70000000,0.30000000,-9.00000000,32,0.54606212
logarithmic,0.70000000,0.30000000,-9.00000000,33,0.53814449
logarithmic,0.70000000,0.30000000,-9.00000000,34,0.52984870
logarithmic,0.70000000,0.30000000,-9.00000000,35,0.52113679
logarithmic,0.70000000,0.30000000,-9.00000000,36,0.51196480
logarithmic,0.70000000,0.30000000,-9.00000000,37,0.50228143
logarithmic,0.70000000,0.30000000,-9.00000000,38,0.49202625
logarithmic,0.70000000,0.30000000,-9.00000000,39,0.48112749
logarithmic,0.70000000,0.30000000,-9.00000000,40,0.46949891
logarithmic,0.70000000,0.30000000,-9.00000000,41,0.45703572
logarithmic,0.70000000,0.30000000,-9.00000000,42,0.44360878
logarithmic,0.70000000,0.30000000,-9.00000000,43,0.42905646
logarithmic,0.70000000,0.30000000,-9.00000000,44,0.41317271
logarithmic,0.70000000,0.30000000,-9.00000000,45,0.39568914
logarithmic,0.70000000,0.30000000,-9.00000000,46,0.37624700
logarithmic,0.70000000,0.30000000,-9.00000000,47,0.35435149
logarithmic,0.70000000,0.30000000,-9.00000000,48,0.32929277
logarithmic,0.70000000,0.30000000,-9.00000000,49,0.30000000
logarithmic,0.70000000,0.30000000,-3.00000000,0,0.70000000
logarithmic,0.70000000,0.30000000,-3.00000000,1,0.69554944
logarithmic,0.70000000,0.30000000,-3.00000000,2,0.69102915
logarithmic,0.70000000,0.30000000,-3.00000000,3,0.68643692
logarithmic,0.70000000,0.30000000,-3.00000000,4,0.68177042
logarithmic,0.70000000,0.30000000,-3.00000000,5,0.67702721
logarithmic,0.70000000,0.30000000,-3.00000000,6,0.67220472
logarithmic,0.70000000,0.30000000,-3.00000000,7,0.66730025
logarithmic,0.70000000,0.30000000,-3.00000000,8,0.66231098
logarithmic,0.70000000,0.30000000,-3.00000000,9,0.65723392
logarithmic,0.70000000,0.30000000,-3.00000000,10,0.65206592
logarithmic,0.70000000,0.30000000,-3.00000000,11,0.64680366
logarithmic,0.70000000,0.30000000,-3.00000000,12,0.64144365
logarithmic,0.70000000,0.30000000,-3.00000000,13,0.63598218
logarithmic,0.70000000,0.30000000,-3.00000000,14,0.63041534
logarithmic,0.70000000,0.30000000,-3.00000000,15,0.62473898
logarithmic,0.70000000,0.30000000,-3.00000000,16,0.61894870
logarithmic,0.70000000,0.30000000,-3.00000000,17,0.61303985
logarithmic,0.70000000,0.30000000,-3.00000000,18,0.60700746
logarithmic,0.70000000,0.30000000,-3.00000000,19,0.60084625
logarithmic,0.70000000,0.30000000,-3.00000000,20,0.59455060
logarithmic,0.70000000,0.30000000,-3.00000000,21,0.58811452
logarithmic,0.70000000,0.30000000,-3.00000000,22,0.58153159
logarithmic,0.70000000,0.30000000,-3.00000000,23,0.57479497
logarithmic,0.70000000,0.30000000,-3.00000000,24,0.56789729
logarithmic,0.70000000,0.30000000,-3.00000000,25,0.56083068
logarithmic,0.70000000,0.30000000,-3.00000000,26,0.55358664
logarithmic,0.70000000,0.30000000,-3.00000000,27,0.54615604
logarithmic,0.70000000,0.30000000,-3.00000000,28,0.53852902
logarithmic,0.70000000,0.30000000,-3.00000000,29,0.53069490
logarithmic,0.70000000,0.30000000,-3.00000000,30,0.52264212
logarithmic,0.70000000,0.30000000,-3.00000000,31,0.51435814
logarithmic,0.70000000,0.30000000,-3.00000000,32,0.50582927
logarithmic,0.70000000,0.30000000,-3.00000000,33,0.49704060
logarithmic,0.70000000,0.30000000,-3.00000000,34,0.48797580
logarithmic,0.70000000,0.30000000,-3.00000000,35,0.47861696
logarithmic,0.70000000,0.30000000,-3.00000000,36,0.46894435
logarithmic,0.70000000,0.30000000,-3.00000000,37,0.45893622
logarithmic,0.70000000,0.30000000,-3.00000000,38,0.44856843
logarithmic,0.70000000,0.30000000,-3.00000000,39,0.43781418
logarithmic,0.70000000,0.30000000,-3.00000000,40,0.42664353
logarithmic,0.70000000,0.30000000,-3.00000000,41,0.41502294
logarithmic,0.70000000,0.30000000,-3.00000000,42,0.40291463
logarithmic,0.70000000,0.30000000,-3.00000000,43,0.39027587
logarithmic,0.70000000,0.30000000,-3.00000000,44,0.37705803
logarithmic,0.70000000,0.30000000,-3.00000000,45,0.36320550
logarithmic,0.70000000,0.30000000,-3.00000000,46,0.34865423
logarithmic,0.70000000,0.30000000,-3.00000000,47,0.33332997
logarithmic,0.70000000,0.30000000,-3.00000000,48,0.31714597
logarithmic,0.70000000,0.30000000,-3.00000000,49,0.30000000
logarithmic,0.70000000,0.30000000,-1.00000000,0,0.70000000
logarithmic,0.70000000,0.30000000,-1.00000000,1,0.69408120
logarithmic,0.70000000,0.30000000,-1.00000000,2,0.68810106
logarithmic,0.70000000,0.30000000,-1.00000000,3,0.68205831
logarithmic,0.70000000,0.30000000,-1.00000000,4,0.67595160
logarithmic,0.70000000,0.30000000,-1.00000000,5,0.66977959
logarithmic,0.70000000,0.30000000,-1.00000000,6,0.66354084
logarithmic,0.70000000,0.30000000,-1.00000000,7,0.65723392
logarithmic,0.70000000,0.30000000,-1.00000000,8,0.65085730
logarithmic,0.70000000,0.30000000,-1.00000000,9,0.64440943
logarithmic,0.70000000,0.30000000,-1.00000000,10,0.63788871
logarithmic,0.70000000,0.30000000,-1.00000000,11,0.63129346
logarithmic,0.70000000,0.30000000,-1.00000000,12,0.62462196
logarithmic,0.70000000,0.30000000,-1.00000000,13,0.61787244
logarithmic,0.70000000,0.30000000,-1.00000000,14,0.61104303
logarithmic,0.70000000,0.30000000,-1.00000000,15,0.60413183
logarithmic,0.70000000,0.30000000,-1.00000000,16,0.59713686
logarithmic,0.70000000,0.30000000,-1.00000000,17,0.59005606
logarithmic,0.70000000,0.30000000,-1.00000000,18,0.58288730
logarithmic,0.70000000,0.30000000,-1.00000000,19,0.57562836
logarithmic,0.70000000,0.30000000,-1.00000000,20,0.56827695
logarithmic,0.70000000,0.30000000,-1.00000000,21,0.56083068
logarithmic,0.70000000,0.30000000,-1.00000000,22,0.55328707
logarithmic,0.70000000,0.30000000,-1.00000000,23,0.54564354
logarithmic,0.70000000,0.30000000,-1.00000000,24,0.53789741
logarithmic,0.70000000,0.30000000,-1.00000000,25,0.53004589
logarithmic,0.70000000,0.30000000,-1.00000000,26,0.52208606
logarithmic,0.70000000,0.30000000,-1.00000000,27,0.51401491
logarithmic,0.70000000,0.30000000,-1.00000000,28,0.50582927
logarithmic,0.70000000,0.30000000,-1.00000000,29,0.49752585
logarithmic,0.70000000,0.30000000,-1.00000000,30,0.48910120
logarithmic,0.70000000,0.30000000,-1.00000000,31,0.48055174
logarithmic,0.70000000,0.30000000,-1.00000000,32,0.47187371
logarithmic,0.70000000,0.30000000,-1.00000000,33,0.46306319
logarithmic,0.70000000,0.30000000,-1.00000000,34,0.45411606
logarithmic,0.70000000,0.30000000,-1.00000000,35,0.44502803
logarithmic,0.70000000,0.30000000,-1.00000000,36,0.43579459
logarithmic,0.70000000,0.30000000,-1.00000000,37,0.42641100
logarithmic,0.70000000,0.30000000,-1.00000000,38,0.41687230
logarithmic,0.70000000,0.30000000,-1.00000000,39,0.40717328
logarithmic,0.70000000,0.30000000,-1.00000000,40,0.39730846
logarithmic,0.70000000,0.30000000,-1.00000000,41,0.38727207
logarithmic,0.70000000,0.30000000,-1.00000000,42,0.37705803
logarithmic,0.70000000,0.30000000,-1.00000000,43,0.36665995
logarithmic,0.70000000,0.30000000,-1.00000000,44,0.35607106
logarithmic,0.70000000,0.30000000,-1.00000000,45,0.34528424
logarithmic,0.70000000,0.30000000,-1.00000000,46,0.33429195
logarithmic,0.70000000,0.30000000,-1.00000000,47,0.32308620
logarithmic,0.70000000,0.30000000,-1.00000000,48,0.31165854
logarithmic,0.70000000,0.30000000,-1.00000000,49,0.30000000
logarithmic,0.70000000,0.30000000,1.00000000,0,0.70000000
logarithmic,0.70000000,0.30000000,1.00000000,1,0.68834146
logarithmic,0.70000000,0.30000000,1.00000000,2,0.67691380
logarithmic,0.70000000,0.30000000,1.00000000,3,0.66570805
logarithmic,0.70000000,0.30000000,1.00000000,4,0.65471576
logarithmic,0.70000000,0.30000000,1.00000000,5,0.64392894
logarithmic,0.70000000,0.30000000,1.00000000,6,0.63334005
logarithmic,0.70000000,0.30000000,1.00000000,7,0.62294197
logarithmic,0.70000000,0.30000000,1.00000000,8,0.61272793
logarithmic,0.70000000,0.30000000,1.00000000,9,0.60269154
logarithmic,0.70000000,0.30000000,1.00000000,10,0.59282672
logarithmic,0.70000000,0.30000000,1.00000000,11,0.58312770
logarithmic,0.70000000,0.30000000,1.00000000,12,0.57358900
logarithmic,0.70000000,0.30000000,1.00000000,13,0.56420541
logarithmic,0.70000000,0.30000000,1.00000000,14,0.55497197
logarithmic,0.70000000,0.30000000,1.00000000,15,0.54588394
logarithmic,0.70000000,0.30000000,1.00000000,16,0.53693681
logarithmic,0.70000000,0.30000000,1.00000000,17,0.52812629
logarithmic,0.70000000,0.30000000,1.00000000,18,0.51944826
logarithmic,0.70000000,0.30000000,1.00000000,19,0.51089880
logarithmic,0.70000000,0.30000000,1.00000000,20,0.50247415
logarithmic,0.70000000,0.30000000,1.00000000,21,0.49417073
logarithmic,0.70000000,0.30000000,1.00000000,22,0.48598509
logarithmic,0.70000000,0.30000000,1.00000000,23,0.47791394
logarithmic,0.70000000,0.30000000,1.00000000,24,0.46995411
logarithmic,0.70000000,0.30000000,1.00000000,25,0.46210259
logarithmic,0.70000000,0.30000000,1.00000000,26,0.45435646
logarithmic,0.70000000,0.30000000,1.00000000,27,0.44671293
logarithmic,0.70000000,0.30000000,1.00000000,28,0.43916932
logarithmic,0.70000000,0.30000000,1.00000000,29,0.43172305
logarithmic,0.70000000,0.30000000,1.00000000,30,0.42437164
logarithmic,0.70000000,0.30000000,1.00000000,31,0.41711270
logarithmic,0.70000000,0.30000000,1.00000000,32,0.40994394
logarithmic,0.70000000,0.30000000,1.00000000,33,0.40286314
logarithmic,0.70000000,0.30000000,1.00000000,34,0.39586817
logarithmic,0.70000000,0.30000000,1.00000000,35,0.38895697
logarithmic,0.70000000,0.30000000,1.00000000,36,0.38212756
logarithmic,0.70000000,0.30000000,1.00000000,37,0.37537804
logarithmic,0.70000000,0.30000000,1.00000000,38,0.36870654
logarithmic,0.70000000,0.30000000,1.00000000,39,0.36211129
logarithmic,0.70000000,0.30000000,1.00000000,40,0.35559057
logarithmic,0.70000000,0.30000000,1.00000000,41,0.34914270
logarithmic,0.70000000,0.30000000,1.00000000,42,0.34276608
logarithmic,0.70000000,0.30000000,1.00000000,43,0.33645916
logarithmic,0.70000000,0.30000000,1.00000000,44,0.33022041
logarithmic,0.70000000,0.30000000,1.00000000,45,0.32404840
logarithmic,0.70000000,0.30000000,1.00000000,46,0.31794169
logarithmic,0.70000000,0.30000000,1.00000000,47,0.31189894
logarithmic,0.70000000,0.30000000,1.00000000,48,0.30591880
logarithmic,0.70000000,0.30000000,1.00000000,49,0.30000000
logarithmic,0.70000000,0.30000000,3.00000000,0,0.70000000
logarithmic,0.70000000,0.30000000,3.00000000,1,0.68285403
logarithmic,0.70000000,0.30000000,3.00000000,2,0.66667003
logarithmic,0.70000000,0.30000000,3.00000000,3,0.65134577
logarithmic,0.70000000,0.30000000,3.00000000,4,0.63679450
logarithmic,0.70000000,0.30000000,3.00000000,5,0.62294197
logarithmic,0.70000000,0.30000000,3.00000000,6,0.60972413
logarithmic,0.70000000,0.30000000,3.00000000,7,0.59708537
logarithmic,0.70000000,0.30000000,3.00000000,8,0.58497706
logarithmic,0.70000000,0.30000000,3.00000000,9,0.57335647
logarithmic,0.70000000,0.30000000,3.00000000,10,0.56218582
logarithmic,0.70000000,0.30000000,3.00000000,11,0.55143157
logarithmic,0.70000000,0.30000000,3.00000000,12,0.54106378
logarithmic,0.70000000,0.30000000,3.00000000,13,0.53105565
logarithmic,0.70000000,0.30000000,3.00000000,14,0.52138304
logarithmic,0.70000000,0.30000000,3.00000000,15,0.51202420
logarithmic,0.70000000,0.30000000,3.00000000,16,0.50295940
logarithmic,0.70000000,0.30000000,3.00000000,17,0.49417073
logarithmic,0.70000000,0.30000000,3.00000000,18,0.48564186
logarithmic,0.70000000,0.30000000,3.00000000,19,0.47735788
logarithmic,0.70000000,0.30000000,3.00000000,20,0.46930510
logarithmic,0.70000000,0.30000000,3.00000000,21,0.46147098
logarithmic,0.70000000,0.30000000,3.00000000,22,0.45384396
logarithmic,0.70000000,0.30000000,3.00000000,23,0.44641336
logarithmic,0.70000000,0.30000000,3.00000000,24,0.43916932
logarithmic,0.70000000,0.30000000,3.00000000,25,0.43210271
logarithmic,0.70000000,0.30000000,3.00000000,26,0.42520503
logarithmic,0.70000000,0.30000000,3.00000000,27,0.41846841
logarithmic,0.70000000,0.30000000,3.00000000,28,0.41188548
logarithmic,0.70000000,0.30000000,3.00000000,29,0.40544940
logarithmic,0.70000000,0.30000000,3.00000000,30,0.39915375
logarithmic,0.70000000,0.30000000,3.00000000,31,0.39299254
logarithmic,0.70000000,0.30000000,3.00000000,32,0.38696015
logarithmic,0.70000000,0.30000000,3.00000000,33,0.38105130
logarithmic,0.70000000,0.30000000,3.00000000,34,0.37526102
logarithmic,0.70000000,0.30000000,3.00000000,35,0.36958466
logarithmic,0.70000000,0.30000000,3.00000000,36,0.36401782
logarithmic,0.70000000,0.30000000,3.00000000,37,0.35855635
logarithmic,0.70000000,0.30000000,3.00000000,38,0.35319634
logarithmic,0.70000000,0.30000000,3.00000000,39,0.34793408
logarithmic,0.70000000,0.30000000,3.00000000,40,0.34276608
logarithmic,0.70000000,0.30000000,3.00000000,41,0.33768902
logarithmic,0.70000000,0.30000000,3.00000000,42,0.33269975
logarithmic,0.70000000,0.30000000,3.00000000,43,0.32779528
logarithmic,0.70000000,0.30000000,3.00000000,44,0.32297279
logarithmic,0.70000000,0.30000000,3.00000000,45,0.31822958
logarithmic,0.70000000,0.30000000,3.00000000,46,0.31356308
logarithmic,0.70000000,0.30000000,3.00000000,47,0.30897085
logarithmic,0.70000000,0.30000000,3.00000000,48,0.30445056
logarithmic,0.70000000,0.30000000,3.00000000,49,0.30000000
logarithmic,0.70000000,0.30000000,9.00000000,0,0.70000000
logarithmic,0.70000000,0.30000000,9.00000000,1,0.67070723
logarithmic,0.70000000,0.30000000,9.00000000,2,0.64564851
logarithmic,0.70000000,0.30000000,9.00000000,3,0.62375300
logarithmic,0.70000000,0.30000000,9.00000000,4,0.60431086
logarithmic,0.70000000,0.30000000,9.00000000,5,0.58682729
logarithmic,0.70000000,0.30000000,9.00000000,6,0.57094354
logarithmic,0.70000000,0.30000000,9.00000000,7,0.55639122
logarithmic,0.70000000,0.30000000,9.00000000,8,0.54296428
logarithmic,0.70000000,0.30000000,9.00000000,9,0.53050109
logarithmic,0.70000000,0.30000000,9.00000000,10,0.51887251
logarithmic,0.70000000,0.30000000,9.00000000,11,0.50797375
logarithmic,0.70000000,0.30000000,9.00000000,12,0.49771857
logarithmic,0.70000000,0.30000000,9.00000000,13,0.48803520
logarithmic,0.70000000,0.30000000,9.00000000,14,0.47886321
logarithmic,0.70000000,0.30000000,9.00000000,15,0.47015130
logarithmic,0.70000000,0.30000000,9.00000000,16,0.46185551
logarithmic,0.70000000,0.30000000,9.00000000,17,0.45393788
logarithmic,0.70000000,0.30000000,9.00000000,18,0.44636545
logarithmic,0.70000000,0.30000000,9.00000000,19,0.43910936
logarithmic,0.70000000,0.30000000,9.00000000,20,0.43214424
logarithmic,0.70000000,0.30000000,9.00000000,21,0.42544765
logarithmic,0.70000000,0.30000000,9.00000000,22,0.41899965
logarithmic,0.70000000,0.30000000,9.00000000,23,0.41278245
logarithmic,0.70000000,0.30000000,9.00000000,24,0.40678008
logarithmic,0.70000000,0.30000000,9.00000000,25,0.40097821
logarithmic,0.70000000,0.30000000,9.00000000,26,0.39536386
logarithmic,0.70000000,0.30000000,9.00000000,27,0.38992529
logarithmic,0.70000000,0.30000000,9.00000000,28,0.38465183
logarithmic,0.70000000,0.30000000,9.00000000,29,0.37953375
logarithmic,0.70000000,0.30000000,9.00000000,30,0.37456216
logarithmic,0.70000000,0.30000000,9.00000000,31,0.36972889
logarithmic,0.70000000,0.30000000,9.00000000,32,0.36502647
logarithmic,0.70000000,0.30000000,9.00000000,33,0.36044799
logarithmic,0.70000000,0.30000000,9.00000000,34,0.35598709
logarithmic,0.70000000,0.30000000,9.00000000,35,0.35163788
logarithmic,0.70000000,0.30000000,9.00000000,36,0.34739490
logarithmic,0.70000000,0.30000000,9.00000000,37,0.34325309
logarithmic,0.70000000,0.30000000,9.00000000,38,0.33920773
logarithmic,0.70000000,0.30000000,9.00000000,39,0.33525444
logarithmic,0.70000000,0.30000000,9.00000000,40,0.33138911
logarithmic,0.70000000,0.30000000,9.00000000,41,0.32760792
logarithmic,0.70000000,0.30000000,9.00000000,42,0.32390728
logarithmic,0.70000000,0.30000000,9.00000000,43,0.32028384
logarithmic,0.70000000,0.30000000,9.00000000,44,0.31673443
logarithmic,0.70000000,0.30000000,9.00000000,45,0.31325609
logarithmic,0.70000000,0.30000000,9.00000000,46,0.30984604
logarithmic,0.70000000,0.30000000,9.00000000,47,0.30650163
logarithmic,0.70000000,0.30000000,9.00000000,48,0.30322040
logarithmic,0.70000000,0.30000000,9.00000000,49,0.30000000
linear,0.70000000,0.40000000,1.00000000,0,0.70000000
linear,0.70000000,0.40000000,1.00000000,1,0.69387755
linear,0.70000000,0.40000000,1.00000000,2,0.68775510
linear,0.70000000,0.40000000,1.00000000,3,0.68163265
linear,0.70000000,0.40000000,1.00000000,4,0.67551020
linear,0.70000000,0.40000000,1.00000000,5,0.66938776
linear,0.70000000,0.40000000,1.00000000,6,0.66326531
linear,0.70000000,0.40000000,1.00000000,7,0.65714286
linear,0.70000000,0.40000000,1.00000000,8,0.65102041
linear,0.70000000,0.40000000,1.00000000,9,0.64489796
linear,0.70000000,0.40000000,1.00000000,10,0.63877551
linear,0.70000000,0.40000000,1.00000000,11,0.63265306
linear,0.70000000,0.40000000,1.00000000,12,0.62653061
linear,0.70000000,0.40000000,1.00000000,13,0.62040816
linear,0.70000000,0.40000000,1.00000000,14,0.61428571
linear,0.70000000,0.40000000,1.00000000,15,0.60816327
linear,0.70000000,0.40000000,1.00000000,16,0.60204082
linear,0.70000000,0.40000000,1.00000000,17,0.59591837
linear,0.70000000,0.40000000,1.00000000,18,0.58979592
linear,0.70000000,0.40000000,1.00000000,19,0.58367347
linear,0.70000000,0.40000000,1.00000000,20,0.57755102
linear,0.70000000,0.40000000,1.00000000,21,0.57142857
linear,0.70000000,0.40000000,1.00000000,22,0.56530612
linear,0.70000000,0.40000000,1.00000000,23,0.55918367
linear,0.70000000,0.40000000,1.00000000,24,0.55306122
linear,0.70000000,0.40000000,1.00000000,25,0.54693878
linear,0.70000000,0.40000000,1.00000000,26,0.54081633
linear,0.70000000,0.40000000,1.00000000,27,0.53469388
linear,0.70000000,0.40000000,1.00000000,28,0.52857143
linear,0.70000000,0.40000000,1.00000000,29,0.52244898
linear,0.70000000,0.40000000,1.00000000,30,0.51632653
linear,0.70000000,0.40000000,1.00000000,31,0.51020408
linear,0.70000000,0.40000000,1.00000000,32,0.50408163
linear,0.70000000,0.40000000,1.00000000,33,0.49795918
linear,0.70000000,0.40000000,1.00000000,34,0.49183673
linear,0.70000000,0.40000000,1.00000000,35,0.48571429
linear,0.70000000,0.40000000,1.00000000,36,0.47959184
linear,0.70000000,0.40000000,1.00000000,37,0.47346939
linear,0.70000000,0.40000000,1.00000000,38,0.46734694
linear,0.70000000,0.40000000,1.00000000,39,0.46122449
linear,0.70000000,0.40000000,1.00000000,40,0.45510204
linear,0.70000000,0.40000000,1.00000000,41,0.44897959
linear,0.70000000,0.40000000,1.00000000,42,0.44285714
linear,0.70000000,0.40000000,1.00000000,43,0.43673469
linear,0.70000000,0.40000000,1.00000000,44,0.43061224
linear,0.70000000,0.40000000,1.00000000,45,0.42448980
linear,0.70000000,0.40000000,1.00000000,46,0.41836735
linear,0.70000000,0.40000000,1.00000000,47,0.41224490
linear,0.70000000,0.40000000,1.00000000,48,0.40612245
linear,0.70000000,0.40000000,1.00000000,49,0.40000000
exponential,0.70000000,0.40000000,-4.00000000,0,0.70000000
exponential,0.70000000,0.40000000,-4.00000000,1,0.67604437
exponential,0.70000000,0.40000000,-4.00000000,2,0.65396661
exponential,0.70000000,0.40000000,-4.00000000,3,0.63361952
exponential,0.70000000,0.40000000,-4.00000000,4,0.61486743
exponential,0.70000000,0.40000000,-4.00000000,5,0.59758531
exponential,0.70000000,0.40000000,-4.00000000,6,0.58165792
exponential,0.70000000,0.40000000,-4.00000000,7,0.56697907
exponential,0.70000000,0.40000000,-4.00000000,8,0.55345090
exponential,0.70000000,0.40000000,-4.00000000,9,0.54098319
exponential,0.70000000,0.40000000,-4.00000000,10,0.52949281
exponential,0.70000000,0.40000000,-4.00000000,11,0.51890317
exponential,0.70000000,0.40000000,-4.00000000,12,0.50914364
exponential,0.70000000,0.40000000,-4.00000000,13,0.50014916
exponential,0.70000000,0.40000000,-4.00000000,14,0.49185975
exponential,0.70000000,0.40000000,-4.00000000,15,0.48422014
exponential,0.70000000,0.40000000,-4.00000000,16,0.47717940
exponential,0.70000000,0.40000000,-4.00000000,17,0.47069058
exponential,0.70000000,0.40000000,-4.00000000,18,0.46471041
exponential,0.70000000,0.40000000,-4.00000000,19,0.45919903
exponential,0.70000000,0.40000000,-4.00000000,20,0.45411968
exponential,0.70000000,0.40000000,-4.00000000,21,0.44943850
exponential,0.70000000,0.40000000,-4.00000000,22,0.44512428
exponential,0.70000000,0.40000000,-4.00000000,23,0.44114824
exponential,0.70000000,0.40000000,-4.00000000,24,0.43748389
exponential,0.70000000,0.40000000,-4.00000000,25,0.43410678
exponential,0.70000000,0.40000000,-4.00000000,26,0.43099440
exponential,0.70000000,0.40000000,-4.00000000,27,0.42812600
exponential,0.70000000,0.40000000,-4.00000000,28,0.42548245
exponential,0.70000000,0.40000000,-4.00000000,29,0.42304613
exponential,0.70000000,0.40000000,-4.00000000,30,0.42080079
exponential,0.70000000,0.40000000,-4.00000000,31,0.41873147
exponential,0.70000000,0.40000000,-4.00000000,32,0.41682435
exponential,0.70000000,0.40000000,-4.00000000,33,0.41506674
exponential,0.70000000,0.40000000,-4.00000000,34,0.41344690
exponential,0.70000000,0.40000000,-4.00000000,35,0.41195404
exponential,0.70000000,0.40000000,-4.00000000,36,0.41057821
exponential,0.70000000,0.40000000,-4.00000000,37,0.40931022
exponential,0.70000000,0.40000000,-4.00000000,38,0.40814164
exponential,0.70000000,0.40000000,-4.00000000,39,0.40706465
exponential,0.70000000,0.40000000,-4.00000000,40,0.40607210
exponential,0.70000000,0.40000000,-4.00000000,41,0.40515734
exponential,0.70000000,0.40000000,-4.00000000,42,0.40431430
exponential,0.70000000,0.40000000,-4.00000000,43,0.40353734
exponential,0.70000000,0.40000000,-4.00000000,44,0.40282129
exponential,0.70000000,0.40000000,-4.00000000,45,0.40216137
exponential,0.70000000,0.40000000,-4.00000000,46,0.40155317
exponential,0.70000000,0.40000000,-4.00000000,47,0.40099266
exponential,0.70000000,0.40000000,-4.00000000,48,0.40047608
exponential,0.70000000,0.40000000,-4.00000000,49,0.40000000
exponential,0.70000000,0.40000000,-2.00000000,0,0.70000000
exponential,0.70000000,0.40000000,-2.00000000,1,0.68612368
exponential,0.70000000,0.40000000,-2.00000000,2,0.67280233
exponential,0.70000000,0.40000000,-2.00000000,3,0.66001376
exponential,0.70000000,0.40000000,-2.00000000,4,0.64773667
exponential,0.70000000,0.40000000,-2.00000000,5,0.63595060
exponential,0.70000000,0.40000000,-2.00000000,6,0.62463590
exponential,0.70000000,0.40000000,-2.00000000,7,0.61377373
exponential,0.70000000,0.40000000,-2.00000000,8,0.60334599
exponential,0.70000000,0.40000000,-2.00000000,9,0.59333530
exponential,0.70000000,0.40000000,-2.00000000,10,0.58372498
exponential,0.70000000,0.40000000,-2.00000000,11,0.57449903
exponential,0.70000000,0.40000000,-2.00000000,12,0.56564206
exponential,0.70000000,0.40000000,-2.00000000,13,0.55713932
exponential,0.70000000,0.40000000,-2.00000000,14,0.54897665
exponential,0.70000000,0.40000000,-2.00000000,15,0.54114044
exponential,0.70000000,0.40000000,-2.00000000,16,0.53361763
exponential,0.70000000,0.40000000,-2.00000000,17,0.52639570
exponential,0.70000000,0.40000000,-2.00000000,18,0.51946260
exponential,0.70000000,0.40000000,-2.00000000,19,0.51280679
exponential,0.70000000,0.40000000,-2.00000000,20,0.50641718
exponential,0.70000000,0.40000000,-2.00000000,21,0.50028311
exponential,0.70000000,0.40000000,-2.00000000,22,0.49439438
exponential,0.70000000,0.40000000,-2.00000000,23,0.48874116
exponential,0.70000000,0.40000000,-2.00000000,24,0.48331404
exponential,0.70000000,0.40000000,-2.00000000,25,0.47810398
exponential,0.70000000,0.40000000,-2.00000000,26,0.47310228
exponential,0.70000000,0.40000000,-2.00000000,27,0.46830064
exponential,0.70000000,0.40000000,-2.00000000,28,0.46369103
exponential,0.70000000,0.40000000,-2.00000000,29,0.45926577
exponential,0.70000000,0.40000000,-2.00000000,30,0.45501751
exponential,0.70000000,0.40000000,-2.00000000,31,0.45093915
exponential,0.70000000,0.40000000,-2.00000000,32,0.44702391
exponential,0.70000000,0.40000000,-2.00000000,33,0.44326525
exponential,0.70000000,0.40000000,-2.00000000,34,0.43965692
exponential,0.70000000,0.40000000,-2.00000000,35,0.43619290
exponential,0.70000000,0.40000000,-2.00000000,36,0.43286743
exponential,0.70000000,0.40000000,-2.00000000,37,0.42967495
exponential,0.70000000,0.40000000,-2.00000000,38,0.42661016
exponential,0.70000000,0.40000000,-2.00000000,39,0.42366794
exponential,0.70000000,0.40000000,-2.00000000,40,0.42084340
exponential,0.70000000,0.40000000,-2.00000000,41,0.41813182
exponential,0.70000000,0.40000000,-2.00000000,42,0.41552869
exponential,0.70000000,0.40000000,-2.00000000,43,0.41302967
exponential,0.70000000,0.40000000,-2.00000000,44,0.41063060
exponential,0.70000000,0.40000000,-2.00000000,45,0.40832747
exponential,0.70000000,0.40000000,-2.00000000,46,0.40611646
exponential,0.70000000,0.40000000,-2.00000000,47,0.40399388
exponential,0.70000000,0.40000000,-2.00000000,48,0.40195619
exponential,0.70000000,0.40000000,-2.00000000,49,0.40000000
exponential,0.70000000,0.40000000,-1.00000000,0,0.70000000
exponential,0.70000000,0.40000000,-1.00000000,1,0.69041259
exponential,0.70000000,0.40000000,-1.00000000,2,0.68101886
exponential,0.70000000,0.40000000,-1.00000000,3,0.67181490
exponential,0.70000000,0.40000000,-1.00000000,4,0.66279687
exponential,0.70000000,0.40000000,-1.00000000,5,0.65396101
exponential,0.70000000,0.40000000,-1.00000000,6,0.64530365
exponential,0.70000000,0.40000000,-1.00000000,7,0.63682118
exponential,0.70000000,0.40000000,-1.00000000,8,0.62851007
exponential,0.70000000,0.40000000,-1.00000000,9,0.62036685
exponential,0.70000000,0.40000000,-1.00000000,10,0.61238814
exponential,0.70000000,0.40000000,-1.00000000,11,0.60457061
exponential,0.70000000,0.40000000,-1.00000000,12,0.59691100
exponential,0.70000000,0.40000000,-1.00000000,13,0.58940613
exponential,0.70000000,0.40000000,-1.00000000,14,0.58205286
exponential,0.70000000,0.40000000,-1.00000000,15,0.57484814
exponential,0.70000000,0.40000000,-1.00000000,16,0.56778897
exponential,0.70000000,0.40000000,-1.00000000,17,0.56087240
exponential,0.70000000,0.40000000,-1.00000000,18,0.55409555
exponential,0.70000000,0.40000000,-1.00000000,19,0.54745560
exponential,0.70000000,0.40000000,-1.00000000,20,0.54094980
exponential,0.70000000,0.40000000,-1.00000000,21,0.53457541
exponential,0.70000000,0.40000000,-1.00000000,22,0.52832980
exponential,0.70000000,0.40000000,-1.00000000,23,0.52221036
exponential,0.70000000,0.40000000,-1.00000000,24,0.51621454
exponential,0.70000000,0.40000000,-1.00000000,25,0.51033984
exponential,0.70000000,0.40000000,-1.00000000,26,0.50458382
exponential,0.70000000,0.40000000,-1.00000000,27,0.49894407
exponential,0.70000000,0.40000000,-1.00000000,28,0.49341826
exponential,0.70000000,0.40000000,-1.00000000,29,0.48800408
exponential,0.70000000,0.40000000,-1.00000000,30,0.48269927
exponential,0.70000000,0.40000000,-1.00000000,31,0.47750162
exponential,0.70000000,0.40000000,-1.00000000,32,0.47240898
exponential,0.70000000,0.40000000,-1.00000000,33,0.46741921
exponential,0.70000000,0.40000000,-1.00000000,34,0.46253024
exponential,0.70000000,0.40000000,-1.00000000,35,0.45774004
exponential,0.70000000,0.40000000,-1.00000000,36,0.45304660
exponential,0.70000000,0.40000000,-1.00000000,37,0.44844798
exponential,0.70000000,0.40000000,-1.00000000,38,0.44394226
exponential,0.70000000,0.40000000,-1.00000000,39,0.43952755
exponential,0.70000000,0.40000000,-1.00000000,40,0.43520204
exponential,0.70000000,0.40000000,-1.00000000,41,0.43096390
exponential,0.70000000,0.40000000,-1.00000000,42,0.42681138
exponential,0.70000000,0.40000000,-1.00000000,43,0.42274274
exponential,0.70000000,0.40000000,-1.00000000,44,0.41875630
exponential,0.70000000,0.40000000,-1.00000000,45,0.41485038
exponential,0.70000000,0.40000000,-1.00000000,46,0.41102338
exponential,0.70000000,0.40000000,-1.00000000,47,0.40727368
exponential,0.70000000,0.40000000,-1.00000000,48,0.40359973
exponential,0.70000000,0.40000000,-1.00000000,49,0.40000000
exponential,0.70000000,0.40000000,1.00000000,0,0.70000000
exponential,0.70000000,0.40000000,1.00000000,1,0.69640027
exponential,0.70000000,0.40000000,1.00000000,2,0.69272632
exponential,0.70000000,0.40000000,1.00000000,3,0.68897662
exponential,0.70000000,0.40000000,1.00000000,4,0.68514962
exponential,0.70000000,0.40000000,1.00000000,5,0.68124370
exponential,0.70000000,0.40000000,1.00000000,6,0.67725726
exponential,0.70000000,0.40000000,1.00000000,7,0.67318862
exponential,0.70000000,0.40000000,1.00000000,8,0.66903610
exponential,0.70000000,0.40000000,1.00000000,9,0.66479796
exponential,0.70000000,0.40000000,1.00000000,10,0.66047245
exponential,0.70000000,0.40000000,1.00000000,11,0.65605774
exponential,0.70000000,0.40000000,1.00000000,12,0.65155202
exponential,0.70000000,0.40000000,1.00000000,13,0.64695340
exponential,0.70000000,0.40000000,1.00000000,14,0.64225996
exponential,0.70000000,0.40000000,1.00000000,15,0.63746976
exponential,0.70000000,0.40000000,1.00000000,16,0.63258079
exponential,0.70000000,0.40000000,1.00000000,17,0.62759102
exponential,0.70000000,0.40000000,1.00000000,18,0.62249838
exponential,0.70000000,0.40000000,1.00000000,19,0.61730073
exponential,0.70000000,0.40000000,1.00000000,20,0.61199592
exponential,0.70000000,0.40000000,1.00000000,21,0.60658174
exponential,0.70000000,0.40000000,1.00000000,22,0.60105593
exponential,0.70000000,0.40000000,1.00000000,23,0.59541618
exponential,0.70000000,0.40000000,1.00000000,24,0.58966016
exponential,0.70000000,0.40000000,1.00000000,25,0.58378546
exponential,0.70000000,0.40000000,1.00000000,26,0.57778964
exponential,0.70000000,0.40000000,1.00000000,27,0.57167020
exponential,0.70000000,0.40000000,1.00000000,28,0.56542459
exponential,0.70000000,0.40000000,1.00000000,29,0.55905020
exponential,0.70000000,0.40000000,1.00000000,30,0.55254440
exponential,0.70000000,0.40000000,1.00000000,31,0.54590445
exponential,0.70000000,0.40000000,1.00000000,32,0.53912760
exponential,0.70000000,0.40000000,1.00000000,33,0.53221103
exponential,0.70000000,0.40000000,1.00000000,34,0.52515186
exponential,0.70000000,0.40000000,1.00000000,35,0.51794714
exponential,0.70000000,0.40000000,1.00000000,36,0.51059387
exponential,0.70000000,0.40000000,1.00000000,37,0.50308900
exponential,0.70000000,0.40000000,1.00000000,38,0.49542939
exponential,0.70000000,0.40000000,1.00000000,39,0.48761186
exponential,0.70000000,0.40000000,1.00000000,40,0.47963315
exponential,0.70000000,0.40000000,1.00000000,41,0.47148993
exponential,0.70000000,0.40000000,1.00000000,42,0.46317882
exponential,0.70000000,0.40000000,1.00000000,43,0.45469635
exponential,0.70000000,0.40000000,1.00000000,44,0.44603899
exponential,0.70000000,0.40000000,1.00000000,45,0.43720313
exponential,0.70000000,0.40000000,1.00000000,46,0.42818510
exponential,0.70000000,0.40000000,1.00000000,47,0.41898114
exponential,0.70000000,0.40000000,1.00000000,48,0.40958741
exponential,0.70000000,0.40000000,1.00000000,49,0.40000000
exponential,0.70000000,0.40000000,2.00000000,0,0.70000000
exponential,0.70000000,0.40000000,2.00000000,1,0.69804381
exponential,0.70000000,0.40000000,2.00000000,2,0.69600612
exponential,0.70000000,0.40000000,2.00000000,3,0.69388354
exponential,0.70000000,0.40000000,2.00000000,4,0.69167253
exponential,0.70000000,0.40000000,2.00000000,5,0.68936940
exponential,0.70000000,0.40000000,2.00000000,6,0.68697033
exponential,0.70000000,0.40000000,2.00000000,7,0.68447131
exponential,0.70000000,0.40000000,2.00000000,8,0.68186818
exponential,0.70000000,0.40000000,2.00000000,9,0.67915660
exponential,0.70000000,0.40000000,2.00000000,10,0.67633206
exponential,0.70000000,0.40000000,2.00000000,11,0.67338984
exponential,0.70000000,0.40000000,2.00000000,12,0.67032505
exponential,0.70000000,0.40000000,2.00000000,13,0.66713257
exponential,0.70000000,0.40000000,2.00000000,14,0.66380710
exponential,0.70000000,0.40000000,2.00000000,15,0.66034308
exponential,0.70000000,0.40000000,2.00000000,16,0.65673475
exponential,0.70000000,0.40000000,2.00000000,17,0.65297609
exponential,0.70000000,0.40000000,2.00000000,18,0.64906085
exponential,0.70000000,0.40000000,2.00000000,19,0.64498249
exponential,0.70000000,0.40000000,2.00000000,20,0.64073423
exponential,0.70000000,0.40000000,2.00000000,21,0.63630897
exponential,0.70000000,0.40000000,2.00000000,22,0.63169936
exponential,0.70000000,0.40000000,2.00000000,23,0.62689772
exponential,0.70000000,0.40000000,2.00000000,24,0.62189602
exponential,0.70000000,0.40000000,2.00000000,25,0.61668596
exponential,0.70000000,0.40000000,2.00000000,26,0.61125884
exponential,0.70000000,0.40000000,2.00000000,27,0.60560562
exponential,0.70000000,0.40000000,2.00000000,28,0.59971689
exponential,0.70000000,0.40000000,2.00000000,29,0.59358282
exponential,0.70000000,0.40000000,2.00000000,30,0.58719321
exponential,0.70000000,0.40000000,2.00000000,31,0.58053740
exponential,0.70000000,0.40000000,2.00000000,32,0.57360430
exponential,0.70000000,0.40000000,2.00000000,33,0.56638237
exponential,0.70000000,0.40000000,2.00000000,34,0.55885956
exponential,0.70000000,0.40000000,2.00000000,35,0.55102335
exponential,0.70000000,0.40000000,2.00000000,36,0.54286068
exponential,0.70000000,0.40000000,2.00000000,37,0.53435794
exponential,0.70000000,0.40000000,2.00000000,38,0.52550097
exponential,0.70000000,0.40000000,2.00000000,39,0.51627502
exponential,0.70000000,0.40000000,2.00000000,40,0.50666470
exponential,0.70000000,0.40000000,2.00000000,41,0.49665401
exponential,0.70000000,0.40000000,2.00000000,42,0.48622627
exponential,0.70000000,0.40000000,2.00000000,43,0.47536410
exponential,0.70000000,0.40000000,2.00000000,44,0.46404940
exponential,0.70000000,0.40000000,2.00000000,45,0.45226333
exponential,0.70000000,0.40000000,2.00000000,46,0.43998624
exponential,0.70000000,0.40000000,2.00000000,47,0.42719767
exponential,0.70000000,0.40000000,2.00000000,48,0.41387632
exponential,0.70000000,0.40000000,2.00000000,49,0.40000000
exponential,0.70000000,0.40000000,4.00000000,0,0.70000000
exponential,0.70000000,0.40000000,4.00000000,1,0.69952392
exponential,0.70000000,0.40000000,4.00000000,2,0.69900734
exponential,0.70000000,0.40000000,4.00000000,3,0.69844683
exponential,0.70000000,0.40000000,4.00000000,4,0.69783863
exponential,0.70000000,0.40000000,4.00000000,5,0.69717871
exponential,0.70000000,0.40000000,4.00000000,6,0.69646266
exponential,0.70000000,0.40000000,4.00000000,7,0.69568570
exponential,0.70000000,0.40000000,4.00000000,8,0.69484266
exponential,0.70000000,0.40000000,4.00000000,9,0.69392790
exponential,0.70000000,0.40000000,4.00000000,10,0.69293535
exponential,0.70000000,0.40000000,4.00000000,11,0.69185836
exponential,0.70000000,0.40000000,4.00000000,12,0.69068978
exponential,0.70000000,0.40000000,4.00000000,13,0.68942179
exponential,0.70000000,0.40000000,4.00000000,14,0.68804596
exponential,0.70000000,0.40000000,4.00000000,15,0.68655310
exponential,0.70000000,0.40000000,4.00000000,16,0.68493326
exponential,0.70000000,0.40000000,4.00000000,17,0.68317565
exponential,0.70000000,0.40000000,4.00000000,18,0.68126853
exponential,0.70000000,0.40000000,4.00000000,19,0.67919921
exponential,0.70000000,0.40000000,4.00000000,20,0.67695387
exponential,0.70000000,0.40000000,4.00000000,21,0.67451755
exponential,0.70000000,0.40000000,4.00000000,22,0.67187400
exponential,0.70000000,0.40000000,4.00000000,23,0.66900560
exponential,0.70000000,0.40000000,4.00000000,24,0.66589322
exponential,0.70000000,0.40000000,4.00000000,25,0.66251611
exponential,0.70000000,0.40000000,4.00000000,26,0.65885176
exponential,0.70000000,0.40000000,4.00000000,27,0.65487572
exponential,0.70000000,0.40000000,4.00000000,28,0.65056150
exponential,0.70000000,0.40000000,4.00000000,29,0.64588032
exponential,0.70000000,0.40000000,4.00000000,30,0.64080097
exponential,0.70000000,0.40000000,4.00000000,31,0.63528959
exponential,0.70000000,0.40000000,4.00000000,32,0.62930942
exponential,0.70000000,0.40000000,4.00000000,33,0.62282060
exponential,0.70000000,0.40000000,4.00000000,34,0.61577986
exponential,0.70000000,0.40000000,4.00000000,35,0.60814025
exponential,0.70000000,0.40000000,4.00000000,36,0.59985084
exponential,0.70000000,0.40000000,4.00000000,37,0.59085636
exponential,0.70000000,0.40000000,4.00000000,38,0.58109683
exponential,0.70000000,0.40000000,4.00000000,39,0.57050719
exponential,0.70000000,0.40000000,4.00000000,40,0.55901681
exponential,0.70000000,0.40000000,4.00000000,41,0.54654910
exponential,0.70000000,0.40000000,4.00000000,42,0.53302093
exponential,0.70000000,0.40000000,4.00000000,43,0.51834208
exponential,0.70000000,0.40000000,4.00000000,44,0.50241469
exponential,0.70000000,0.40000000,4.00000000,45,0.48513257
exponential,0.70000000,0.40000000,4.00000000,46,0.46638048
exponential,0.70000000,0.40000000,4.00000000,47,0.44603339
exponential,0.70000000,0.40000000,4.00000000,48,0.42395563
exponential,0.70000000,0.40000000,4.00000000,49,0.40000000
logarithmic,0.70000000,0.40000000,-9.00000000,0,0.70000000
logarithmic,0.70000000,0.40000000,-9.00000000,1,0.69758470
logarithmic,0.70000000,0.40000000,-9.00000000,2,0.69512378
logarithmic,0.70000000,0.40000000,-9.00000000,3,0.69261547
logarithmic,0.70000000,0.40000000,-9.00000000,4,0.69005793
logarithmic,0.70000000,0.40000000,-9.00000000,5,0.68744918
logarithmic,0.70000000,0.40000000,-9.00000000,6,0.68478712
logarithmic,0.70000000,0.40000000,-9.00000000,7,0.68206954
logarithmic,0.70000000,0.40000000,-9.00000000,8,0.67929406
logarithmic,0.70000000,0.40000000,-9.00000000,9,0.67645817
logarithmic,0.70000000,0.40000000,-9.00000000,10,0.67355917
logarithmic,0.70000000,0.40000000,-9.00000000,11,0.67059420
logarithmic,0.70000000,0.40000000,-9.00000000,12,0.66756018
logarithmic,0.70000000,0.40000000,-9.00000000,13,0.66445383
logarithmic,0.70000000,0.40000000,-9.00000000,14,0.66127159
logarithmic,0.70000000,0.40000000,-9.00000000,15,0.65800968
logarithmic,0.70000000,0.40000000,-9.00000000,16,0.65466401
logarithmic,0.70000000,0.40000000,-9.00000000,17,0.65123015
logarithmic,0.70000000,0.40000000,-9.00000000,18,0.64770333
logarithmic,0.70000000,0.40000000,-9.00000000,19,0.64407838
logarithmic,0.70000000,0.40000000,-9.00000000,20,0.64034968
logarithmic,0.70000000,0.40000000,-9.00000000,21,0.63651112
logarithmic,0.70000000,0.40000000,-9.00000000,22,0.63255603
logarithmic,0.70000000,0.40000000,-9.00000000,23,0.62847711
logarithmic,0.70000000,0.40000000,-9.00000000,24,0.62426634
logarithmic,0.70000000,0.40000000,-9.00000000,25,0.61991494
logarithmic,0.70000000,0.40000000,-9.00000000,26,0.61541317
logarithmic,0.70000000,0.40000000,-9.00000000,27,0.61075026
logarithmic,0.70000000,0.40000000,-9.00000000,28,0.60591426
logarithmic,0.70000000,0.40000000,-9.00000000,29,0.60089182
logarithmic,0.70000000,0.40000000,-9.00000000,30,0.59566798
logarithmic,0.70000000,0.40000000,-9.00000000,31,0.59022591
logarithmic,0.70000000,0.40000000,-9.00000000,32,0.58454659
logarithmic,0.70000000,0.40000000,-9.00000000,33,0.57860837
logarithmic,0.70000000,0.40000000,-9.00000000,34,0.57238652
logarithmic,0.70000000,0.40000000,-9.00000000,35,0.56585259
logarithmic,0.70000000,0.40000000,-9.00000000,36,0.55897360
logarithmic,0.70000000,0.40000000,-9.00000000,37,0.55171107
logarithmic,0.70000000,0.40000000,-9.00000000,38,0.54401969
logarithmic,0.70000000,0.40000000,-9.00000000,39,0.53584562
logarithmic,0.70000000,0.40000000,-9.00000000,40,0.52712418
logarithmic,0.70000000,0.40000000,-9.00000000,41,0.51777679
logarithmic,0.70000000,0.40000000,-9.00000000,42,0.50770658
logarithmic,0.70000000,0.40000000,-9.00000000,43,0.49679234
logarithmic,0.70000000,0.40000000,-9.00000000,44,0.48487953
logarithmic,0.70000000,0.40000000,-9.00000000,45,0.47176685
logarithmic,0.70000000,0.40000000,-9.00000000,46,0.45718525
logarithmic,0.70000000,0.40000000,-9.00000000,47,0.44076362
logarithmic,0.70000000,0.40000000,-9.00000000,48,0.42196957
logarithmic,0.70000000,0.40000000,-9.00000000,49,0.40000000
logarithmic,0.70000000,0.40000000,-3.00000000,0,0.70000000
logarithmic,0.70000000,0.40000000,-3.00000000,1,0.69666208
logarithmic,0.70000000,0.40000000,-3.00000000,2,0.69327186
logarithmic,0.70000000,0.40000000,-3.00000000,3,0.68982769
logarithmic,0.70000000,0.40000000,-3.00000000,4,0.68632782
logarithmic,0.70000000,0.40000000,-3.00000000,5,0.68277041
logarithmic,0.70000000,0.40000000,-3.00000000,6,0.67915354
logarithmic,0.70000000,0.40000000,-3.00000000,7,0.67547519
logarithmic,0.70000000,0.40000000,-3.00000000,8,0.67173324
logarithmic,0.70000000,0.40000000,-3.00000000,9,0.66792544
logarithmic,0.70000000,0.40000000,-3.00000000,10,0.66404944
logarithmic,0.70000000,0.40000000,-3.00000000,11,0.66010275
logarithmic,0.70000000,0.40000000,-3.00000000,12,0.65608274
logarithmic,0.70000000,0.40000000,-3.00000000,13,0.65198664
logarithmic,0.70000000,0.40000000,-3.00000000,14,0.64781150
logarithmic,0.70000000,0.40000000,-3.00000000,15,0.64355423
logarithmic,0.70000000,0.40000000,-3.00000000,16,0.63921153
logarithmic,0.70000000,0.40000000,-3.00000000,17,0.63477989
logarithmic,0.70000000,0.40000000,-3.00000000,18,0.63025559
logarithmic,0.70000000,0.40000000,-3.00000000,19,0.62563468
logarithmic,0.70000000,0.40000000,-3.00000000,20,0.62091295
logarithmic,0.70000000,0.40000000,-3.00000000,21,0.61608589
logarithmic,0.70000000,0.40000000,-3.00000000,22,0.61114870
logarithmic,0.70000000,0.40000000,-3.00000000,23,0.60609623
logarithmic,0.70000000,0.40000000,-3.00000000,24,0.60092297
logarithmic,0.70000000,0.40000000,-3.00000000,25,0.59562301
logarithmic,0.70000000,0.40000000,-3.00000000,26,0.59018998
logarithmic,0.70000000,0.40000000,-3.00000000,27,0.58461703
logarithmic,0.70000000,0.40000000,-3.00000000,28,0.57889676
logarithmic,0.70000000,0.40000000,-3.00000000,29,0.57302117
logarithmic,0.70000000,0.40000000,-3.00000000,30,0.56698159
logarithmic,0.70000000,0.40000000,-3.00000000,31,0.56076860
logarithmic,0.70000000,0.40000000,-3.00000000,32,0.55437195
logarithmic,0.70000000,0.40000000,-3.00000000,33,0.54778045
logarithmic,0.70000000,0.40000000,-3.00000000,34,0.54098185
logarithmic,0.70000000,0.40000000,-3.00000000,35,0.53396272
logarithmic,0.70000000,0.40000000,-3.00000000,36,0.52670827
logarithmic,0.70000000,0.40000000,-3.00000000,37,0.51920216
logarithmic,0.70000000,0.40000000,-3.00000000,38,0.51142632
logarithmic,0.70000000,0.40000000,-3.00000000,39,0.50336064
logarithmic,0.70000000,0.40000000,-3.00000000,40,0.49498265
logarithmic,0.70000000,0.40000000,-3.00000000,41,0.48626721
logarithmic,0.70000000,0.40000000,-3.00000000,42,0.47718598
logarithmic,0.70000000,0.40000000,-3.00000000,43,0.46770690
logarithmic,0.70000000,0.40000000,-3.00000000,44,0.45779352
logarithmic,0.70000000,0.40000000,-3.00000000,45,0.44740412
logarithmic,0.70000000,0.40000000,-3.00000000,46,0.43649067
logarithmic,0.70000000,0.40000000,-3.00000000,47,0.42499748
logarithmic,0.70000000,0.40000000,-3.00000000,48,0.41285948
logarithmic,0.70000000,0.40000000,-3.00000000,49,0.40000000
logarithmic,0.70000000,0.40000000,-1.00000000,0,0.70000000
logarithmic,0.70000000,0.40000000,-1.00000000,1,0.69556090
logarithmic,0.70000000,0.40000000,-1.00000000,2,0.69107580
logarithmic,0.70000000,0.40000000,-1.00000000,3,0.68654373
logarithmic,0.70000000,0.40000000,-1.00000000,4,0.68196370
logarithmic,0.70000000,0.40000000,-1.00000000,5,0.67733469
logarithmic,0.70000000,0.40000000,-1.00000000,6,0.67265563
logarithmic,0.70000000,0.40000000,-1.00000000,7,0.66792544
logarithmic,0.70000000,0.40000000,-1.00000000,8,0.66314298
logarithmic,0.70000000,0.40000000,-1.00000000,9,0.65830708
logarithmic,0.70000000,0.40000000,-1.00000000,10,0.65341653
logarithmic,0.70000000,0.40000000,-1.00000000,11,0.64847010
logarithmic,0.70000000,0.40000000,-1.00000000,12,0.64346647
logarithmic,0.70000000,0.40000000,-1.00000000,13,0.63840433
logarithmic,0.70000000,0.40000000,-1.00000000,14,0.63328227
logarithmic,0.70000000,0.40000000,-1.00000000,15,0.62809888
logarithmic,0.70000000,0.40000000,-1.00000000,16,0.62285265
logarithmic,0.70000000,0.40000000,-1.00000000,17,0.61754205
logarithmic,0.70000000,0.40000000,-1.00000000,18,0.61216548
logarithmic,0.70000000,0.40000000,-1.00000000,19,0.60672127
logarithmic,0.70000000,0.40000000,-1.00000000,20,0.60120771
logarithmic,0.70000000,0.40000000,-1.00000000,21,0.59562301
logarithmic,0.70000000,0.40000000,-1.00000000,22,0.58996530
logarithmic,0.70000000,0.40000000,-1.00000000,23,0.58423265
logarithmic,0.70000000,0.40000000,-1.00000000,24,0.57842306
logarithmic,0.70000000,0.40000000,-1.00000000,25,0.57253441
logarithmic,0.70000000,0.40000000,-1.00000000,26,0.56656455
logarithmic,0.70000000,0.40000000,-1.00000000,27,0.56051118
logarithmic,0.70000000,0.40000000,-1.00000000,28,0.55437195
logarithmic,0.70000000,0.40000000,-1.00000000,29,0.54814438
logarithmic,0.70000000,0.40000000,-1.00000000,30,0.54182590
logarithmic,0.70000000,0.40000000,-1.00000000,31,0.53541380
logarithmic,0.70000000,0.40000000,-1.00000000,32,0.52890528
logarithmic,0.70000000,0.40000000,-1.00000000,33,0.52229739
logarithmic,0.70000000,0.40000000,-1.00000000,34,0.51558705
logarithmic,0.70000000,0.40000000,-1.00000000,35,0.50877102
logarithmic,0.70000000,0.40000000,-1.00000000,36,0.50184594
logarithmic,0.70000000,0.40000000,-1.00000000,37,0.49480825
logarithmic,0.70000000,0.40000000,-1.00000000,38,0.48765423
logarithmic,0.70000000,0.40000000,-1.00000000,39,0.48037996
logarithmic,0.70000000,0.40000000,-1.00000000,40,0.47298135
logarithmic,0.70000000,0.40000000,-1.00000000,41,0.46545405
logarithmic,0.70000000,0.40000000,-1.00000000,42,0.45779352
logarithmic,0.70000000,0.40000000,-1.00000000,43,0.44999496
logarithmic,0.70000000,0.40000000,-1.00000000,44,0.44205330
logarithmic,0.70000000,0.40000000,-1.00000000,45,0.43396318
logarithmic,0.70000000,0.40000000,-1.00000000,46,0.42571896
logarithmic,0.70000000,0.40000000,-1.00000000,47,0.41731465
logarithmic,0.70000000,0.40000000,-1.00000000,48,0.40874390
logarithmic,0.70000000,0.40000000,-1.00000000,49,0.40000000
logarithmic,0.70000000,0.40000000,1.00000000,0,0.70000000
logarithmic,0.70000000,0.40000000,1.00000000,1,0.69125610
logarithmic,0.70000000,0.40000000,1.00000000,2,0.68268535
logarithmic,0.70000000,0.40000000,1.00000000,3,0.67428104
logarithmic,0.70000000,0.40000000,1.00000000,4,0.66603682
logarithmic,0.70000000,0.40000000,1.00000000,5,0.65794670
logarithmic,0.70000000,0.40000000,1.00000000,6,0.65000504
logarithmic,0.70000000,0.40000000,1.00000000,7,0.64220648
logarithmic,0.70000000,0.40000000,1.00000000,8,0.63454595
logarithmic,0.70000000,0.40000000,1.00000000,9,0.62701865
logarithmic,0.70000000,0.40000000,1.00000000,10,0.61962004
logarithmic,0.70000000,0.40000000,1.00000000,11,0.61234577
logarithmic,0.70000000,0.40000000,1.00000000,12,0.60519175
logarithmic,0.70000000,0.40000000,1.00000000,13,0.59815406
logarithmic,0.70000000,0.40000000,1.00000000,14,0.59122898
logarithmic,0.70000000,0.40000000,1.00000000,15,0.58441295
logarithmic,0.70000000,0.40000000,1.00000000,16,0.57770261
logarithmic,0.70000000,0.40000000,1.00000000,17,0.57109472
logarithmic,0.70000000,0.40000000,1.00000000,18,0.56458620
logarithmic,0.70000000,0.40000000,1.00000000,19,0.55817410
logarithmic,0.70000000,0.40000000,1.00000000,20,0.55185562
logarithmic,0.70000000,0.40000000,1.00000000,21,0.54562805
logarithmic,0.70000000,0.40000000,1.00000000,22,0.53948882
logarithmic,0.70000000,0.40000000,1.00000000,23,0.53343545
logarithmic,0.70000000,0.40000000,1.00000000,24,0.52746559
logarithmic,0.70000000,0.40000000,1.00000000,25,0.52157694
logarithmic,0.70000000,0.40000000,1.00000000,26,0.51576735
logarithmic,0.70000000,0.40000000,1.00000000,27,0.51003470
logarithmic,0.70000000,0.40000000,1.00000000,28,0.50437699
logarithmic,0.70000000,0.40000000,1.00000000,29,0.49879229
logarithmic,0.70000000,0.40000000,1.00000000,30,0.49327873
logarithmic,0.70000000,0.40000000,1.00000000,31,0.48783452
logarithmic,0.70000000,0.40000000,1.00000000,32,0.48245795
logarithmic,0.70000000,0.40000000,1.00000000,33,0.47714735
logarithmic,0.70000000,0.40000000,1.00000000,34,0.47190112
logarithmic,0.70000000,0.40000000,1.00000000,35,0.46671773
logarithmic,0.70000000,0.40000000,1.00000000,36,0.46159567
logarithmic,0.70000000,0.40000000,1.00000000,37,0.45653353
logarithmic,0.70000000,0.40000000,1.00000000,38,0.45152990
logarithmic,0.70000000,0.40000000,1.00000000,39,0.44658347
logarithmic,0.70000000,0.40000000,1.00000000,40,0.44169292
logarithmic,0.70000000,0.40000000,1.00000000,41,0.43685702
logarithmic,0.70000000,0.40000000,1.00000000,42,0.43207456
logarithmic,0.70000000,0.40000000,1.00000000,43,0.42734437
logarithmic,0.70000000,0.40000000,1.00000000,44,0.42266531
logarithmic,0.70000000,0.40000000,1.00000000,45,0.41803630
logarithmic,0.70000000,0.40000000,1.00000000,46,0.41345627
logarithmic,0.70000000,0.40000000,1.00000000,47,0.40892420
logarithmic,0.70000000,0.40000000,1.00000000,48,0.40443910
logarithmic,0.70000000,0.40000000,1.00000000,49,0.40000000
logarithmic,0.70000000,0.40000000,3.00000000,0,0.70000000
logarithmic,0.70000000,0.40000000,3.00000000,1,0.68714052
logarithmic,0.70000000,0.40000000,3.00000000,2,0.67500252
logarithmic,0.70000000,0.40000000,3.00000000,3,0.66350933
logarithmic,0.70000000,0.40000000,3.00000000,4,0.65259588
logarithmic,0.70000000,0.40000000,3.00000000,5,0.64220648
logarithmic,0.70000000,0.40000000,3.00000000,6,0.63229310
logarithmic,0.70000000,0.40000000,3.00000000,7,0.62281402
logarithmic,0.70000000,0.40000000,3.00000000,8,0.61373279
logarithmic,0.70000000,0.40000000,3.00000000,9,0.60501735
logarithmic,0.70000000,0.40000000,3.00000000,10,0.59663936
logarithmic,0.70000000,0.40000000,3.00000000,11,0.58857368
logarithmic,0.70000000,0.40000000,3.00000000,12,0.58079784
logarithmic,0.70000000,0.40000000,3.00000000,13,0.57329173
logarithmic,0.70000000,0.40000000,3.00000000,14,0.56603728
logarithmic,0.70000000,0.40000000,3.00000000,15,0.55901815
logarithmic,0.70000000,0.40000000,3.00000000,16,0.55221955
logarithmic,0.70000000,0.40000000,3.00000000,17,0.54562805
logarithmic,0.70000000,0.40000000,3.00000000,18,0.53923140
logarithmic,0.70000000,0.40000000,3.00000000,19,0.53301841
logarithmic,0.70000000,0.40000000,3.00000000,20,0.52697883
logarithmic,0.70000000,0.40000000,3.00000000,21,0.52110324
logarithmic,0.70000000,0.40000000,3.00000000,22,0.51538297
logarithmic,0.70000000,0.40000000,3.00000000,23,0.50981002
logarithmic,0.70000000,0.40000000,3.00000000,24,0.50437699
logarithmic,0.70000000,0.40000000,3.00000000,25,0.49907703
logarithmic,0.70000000,0.40000000,3.00000000,26,0.49390377
logarithmic,0.70000000,0.40000000,3.00000000,27,0.48885130
logarithmic,0.70000000,0.40000000,3.00000000,28,0.48391411
logarithmic,0.70000000,0.40000000,3.00000000,29,0.47908705
logarithmic,0.70000000,0.40000000,3.00000000,30,0.47436532
logarithmic,0.70000000,0.40000000,3.00000000,31,0.46974441
logarithmic,0.70000000,0.40000000,3.00000000,32,0.46522011
logarithmic,0.70000000,0.40000000,3.00000000,33,0.46078847
logarithmic,0.70000000,0.40000000,3.00000000,34,0.45644577
logarithmic,0.70000000,0.40000000,3.00000000,35,0.45218850
logarithmic,0.70000000,0.40000000,3.00000000,36,0.44801336
logarithmic,0.70000000,0.40000000,3.00000000,37,0.44391726
logarithmic,0.70000000,0.40000000,3.00000000,38,0.43989725
logarithmic,0.70000000,0.40000000,3.00000000,39,0.43595056
logarithmic,0.70000000,0.40000000,3.00000000,40,0.43207456
logarithmic,0.70000000,0.40000000,3.00000000,41,0.42826676
logarithmic,0.70000000,0.40000000,3.00000000,42,0.42452481
logarithmic,0.70000000,0.40000000,3.00000000,43,0.42084646
logarithmic,0.70000000,0.40000000,3.00000000,44,0.41722959
logarithmic,0.70000000,0.40000000,3.00000000,45,0.41367218
logarithmic,0.70000000,0.40000000,3.00000000,46,0.41017231
logarithmic,0.70000000,0.40000000,3.00000000,47,0.40672814
logarithmic,0.70000000,0.40000000,3.00000000,48,0.40333792
logarithmic,0.70000000,0.40000000,3.00000000,49,0.40000000
logarithmic,0.70000000,0.40000000,9.00000000,0,0.70000000
logarithmic,0.70000000,0.40000000,9.00000000,1,0.67803043
logarithmic,0.70000000,0.40000000,9.00000000,2,0.65923638
logarithmic,0.70000000,0.40000000,9.00000000,3,0.64281475
logarithmic,0.70000000,0.40000000,9.00000000,4,0.62823315
logarithmic,0.70000000,0.40000000,9.00000000,5,0.61512047
logarithmic,0.70000000,0.40000000,9.00000000,6,0.60320766
logarithmic,0.70000000,0.40000000,9.00000000,7,0.59229342
logarithmic,0.70000000,0.40000000,9.00000000,8,0.58222321
logarithmic,0.70000000,0.40000000,9.00000000,9,0.57287582
logarithmic,0.70000000,0.40000000,9.00000000,10,0.56415438
logarithmic,0.70000000,0.40000000,9.00000000,11,0.55598031
logarithmic,0.70000000,0.40000000,9.00000000,12,0.54828893
logarithmic,0.70000000,0.40000000,9.00000000,13,0.54102640
logarithmic,0.70000000,0.40000000,9.00000000,14,0.53414741
logarithmic,0.70000000,0.40000000,9.00000000,15,0.52761348
logarithmic,0.70000000,0.40000000,9.00000000,16,0.52139163
logarithmic,0.70000000,0.40000000,9.00000000,17,0.51545341
logarithmic,0.70000000,0.40000000,9.00000000,18,0.50977409
logarithmic,0.70000000,0.40000000,9.00000000,19,0.50433202
logarithmic,0.70000000,0.40000000,9.00000000,20,0.49910818
logarithmic,0.70000000,0.40000000,9.00000000,21,0.49408574
logarithmic,0.70000000,0.40000000,9.00000000,22,0.48924974
logarithmic,0.70000000,0.40000000,9.00000000,23,0.48458683
logarithmic,0.70000000,0.40000000,9.00000000,24,0.48008506
logarithmic,0.70000000,0.40000000,9.00000000,25,0.47573366
logarithmic,0.70000000,0.40000000,9.00000000,26,0.47152289
logarithmic,0.70000000,0.40000000,9.00000000,27,0.46744397
logarithmic,0.70000000,0.40000000,9.00000000,28,0.46348888
logarithmic,0.70000000,0.40000000,9.00000000,29,0.45965032
logarithmic,0.70000000,0.40000000,9.00000000,30,0.45592162
logarithmic,0.70000000,0.40000000,9.00000000,31,0.45229667
logarithmic,0.70000000,0.40000000,9.00000000,32,0.44876985
logarithmic,0.70000000,0.40000000,9.00000000,33,0.44533599
logarithmic,0.70000000,0.40000000,9.00000000,34,0.44199032
logarithmic,0.70000000,0.40000000,9.00000000,35,0.43872841
logarithmic,0.70000000,0.40000000,9.00000000,36,0.43554617
logarithmic,0.70000000,0.40000000,9.00000000,37,0.43243982
logarithmic,0.70000000,0.40000000,9.00000000,38,0.42940580
logarithmic,0.70000000,0.40000000,9.00000000,39,0.42644083
logarithmic,0.70000000,0.40000000,9.00000000,40,0.42354183
logarithmic,0.70000000,0.40000000,9.00000000,41,0.42070594
logarithmic,0.70000000,0.40000000,9.00000000,42,0.41793046
logarithmic,0.70000000,0.40000000,9.00000000,43,0.41521288
logarithmic,0.70000000,0.40000000,9.00000000,44,0.41255082
logarithmic,0.70000000,0.40000000,9.00000000,45,0.40994207
logarithmic,0.70000000,0.40000000,9.00000000,46,0.40738453
logarithmic,0.70000000,0.40000000,9.00000000,47,0.40487622
logarithmic,0.70000000,0.40000000,9.00000000,48,0.40241530
logarithmic,0.70000000,0.40000000,9.00000000,49,0.40000000
linear,0.60000000,0.20000000,1.00000000,0,0.60000000
linear,0.60000000,0.20000000,1.00000000,1,0.59183673
linear,0.60000000,0.20000000,1.00000000,2,0.58367347
linear,0.60000000,0.20000000,1.00000000,3,0.57551020
linear,0.60000000,0.20000000,1.00000000,4,0.56734694
linear,0.60000000,0.20000000,1.00000000,5,0.55918367
linear,0.60000000,0.20000000,1.00000000,6,0.55102041
linear,0.60000000,0.20000000,1.00000000,7,0.54285714
linear,0.60000000,0.20000000,1.00000000,8,0.53469388
linear,0.60000000,0.20000000,1.00000000,9,0.52653061
linear,0.60000000,0.20000000,1.00000000,10,0.51836735
linear,0.60000000,0.20000000,1.00000000,11,0.51020408
linear,0.60000000,0.20000000,1.00000000,12,0.50204082
linear,0.60000000,0.20000000,1.00000000,13,0.49387755
linear,0.60000000,0.20000000,1.00000000,14,0.48571429
linear,0.60000000,0.20000000,1.00000000,15,0.47755102
linear,0.60000000,0.20000000,1.00000000,16,0.46938776
linear,0.60000000,0.20000000,1.00000000,17,0.46122449
linear,0.60000000,0.20000000,1.00000000,18,0.45306122
linear,0.60000000,0.20000000,1.00000000,19,0.44489796
linear,0.60000000,0.20000000,1.00000000,20,0.43673469
linear,0.60000000,0.20000000,1.00000000,21,0.42857143
linear,0.60000000,0.20000000,1.00000000,22,0.42040816
linear,0.60000000,0.20000000,1.00000000,23,0.41224490
linear,0.60000000,0.20000000,1.00000000,24,0.40408163
linear,0.60000000,0.20000000,1.00000000,25,0.39591837
linear,0.60000000,0.20000000,1.00000000,26,0.38775510
linear,0.60000000,0.20000000,1.00000000,27,0.37959184
linear,0.60000000,0.20000000,1.00000000,28,0.37142857
linear,0.60000000,0.20000000,1.00000000,29,0.36326531
linear,0.60000000,0.20000000,1.00000000,30,0.35510204
linear,0.60000000,0.20000000,1.00000000,31,0.34693878
linear,0.60000000,0.20000000,1.00000000,32,0.33877551
linear,0.60000000,0.20000000,1.00000000,33,0.33061224
linear,0.60000000,0.20000000,1.00000000,34,0.32244898
linear,0.60000000,0.20000000,1.00000000,35,0.31428571
linear,0.60000000,0.20000000,1.00000000,36,0.30612245
linear,0.60000000,0.20000000,1.00000000,37,0.29795918
linear,0.60000000,0.20000000,1.00000000,38,0.28979592
linear,0.60000000,0.20000000,1.00000000,39,0.28163265
linear,0.60000000,0.20000000,1.00000000,40,0.27346939
linear,0.60000000,0.20000000,1.00000000,41,0.26530612
linear,0.60000000,0.20000000,1.00000000,42,0.25714286
linear,0.60000000,0.20000000,1.00000000,43,0.24897959
linear,0.60000000,0.20000000,1.00000000,44,0.24081633
linear,0.60000000,0.20000000,1.00000000,45,0.23265306
linear,0.60000000,0.20000000,1.00000000,46,0.22448980
linear,0.60000000,0.20000000,1.00000000,47,0.21632653
linear,0.60000000,0.20000000,1.00000000,48,0.20816327
linear,0.60000000,0.20000000,1.00000000,49,0.20000000
exponential,0.60000000,0.20000000,-4.00000000,0,0.60000000
exponential,0.60000000,0.20000000,-4.00000000,1,0.56805916
exponential,0.60000000,0.20000000,-4.00000000,2,0.53862215
exponential,0.60000000,0.20000000,-4.00000000,3,0.51149270
exponential,0.60000000,0.20000000,-4.00000000,4,0.48648991
exponential,0.60000000,0.20000000,-4.00000000,5,0.46344707
exponential,0.60000000,0.20000000,-4.00000000,6,0.44221056
exponential,0.60000000,0.20000000,-4.00000000,7,0.42263876
exponential,0.60000000,0.20000000,-4.00000000,8,0.40460119
exponential,0.60000000,0.20000000,-4.00000000,9,0.38797758
exponential,0.60000000,0.20000000,-4.00000000,10,0.37265709
exponential,0.60000000,0.20000000,-4.00000000,11,0.35853756
exponential,0.60000000,0.20000000,-4.00000000,12,0.34552485
exponential,0.60000000,0.20000000,-4.00000000,13,0.33353221
exponential,0.60000000,0.20000000,-4.00000000,14,0.32247966
exponential,0.60000000,0.20000000,-4.00000000,15,0.31229352
exponential,0.60000000,0.20000000,-4.00000000,16,0.30290586
exponential,0.60000000,0.20000000,-4.00000000,17,0.29425410
exponential,0.60000000,0.20000000,-4.00000000,18,0.28628055
exponential,0.60000000,0.20000000,-4.00000000,19,0.27893204
exponential,0.60000000,0.20000000,-4.00000000,20,0.27215957
exponential,0.60000000,0.20000000,-4.00000000,21,0.26591800
exponential,0.60000000,0.20000000,-4.00000000,22,0.26016570
exponential,0.60000000,0.20000000,-4.00000000,23,0.25486432
exponential,0.60000000,0.20000000,-4.00000000,24,0.24997851
exponential,0.60000000,0.20000000,-4.00000000,25,0.24547570
exponential,0.60000000,0.20000000,-4.00000000,26,0.24132587
exponential,0.60000000,0.20000000,-4.00000000,27,0.23750133
exponential,0.60000000,0.20000000,-4.00000000,28,0.23397660
exponential,0.60000000,0.20000000,-4.00000000,29,0.23072818
exponential,0.60000000,0.20000000,-4.00000000,30,0.22773439
exponential,0.60000000,0.20000000,-4.00000000,31,0.22497529
exponential,0.60000000,0.20000000,-4.00000000,32,0.22243247
exponential,0.60000000,0.20000000,-4.00000000,33,0.22008898
exponential,0.60000000,0.20000000,-4.00000000,34,0.21792920
exponential,0.60000000,0.20000000,-4.00000000,35,0.21593872
exponential,0.60000000,0.20000000,-4.00000000,36,0.21410427
exponential,0.60000000,0.20000000,-4.00000000,37,0.21241363
exponential,0.60000000,0.20000000,-4.00000000,38,0.21085551
exponential,0.60000000,0.20000000,-4.00000000,39,0.20941954
exponential,0.60000000,0.20000000,-4.00000000,40,0.20809613
exponential,0.60000000,0.20000000,-4.00000000,41,0.20687646
exponential,0.60000000,0.20000000,-4.00000000,42,0.20575240
exponential,0.60000000,0.20000000,-4.00000000,43,0.20471645
exponential,0.60000000,0.20000000,-4.00000000,44,0.20376172
exponential,0.60000000,0.20000000,-4.00000000,45,0.20288182
exponential,0.60000000,0.20000000,-4.00000000,46,0.20207090
exponential,0.60000000,0.20000000,-4.00000000,47,0.20132355
exponential,0.60000000,0.20000000,-4.00000000,48,0.20063478
exponential,0.60000000,0.20000000,-4.00000000,49,0.20000000
exponential,0.60000000,0.20000000,-2.00000000,0,0.60000000
exponential,0.60000000,0.20000000,-2.00000000,1,0.58149823
exponential,0.60000000,0.20000000,-2.00000000,2,0.56373644
exponential,0.60000000,0.20000000,-2.00000000,3,0.54668502
exponential,0.60000000,0.20000000,-2.00000000,4,0.53031556
exponential,0.60000000,0.20000000,-2.00000000,5,0.51460080
exponential,0.60000000,0.20000000,-2.00000000,6,0.49951454
exponential,0.60000000,0.20000000,-2.00000000,7,0.48503164
exponential,0.60000000,0.20000000,-2.00000000,8,0.47112799
exponential,0.60000000,0.20000000,-2.00000000,9,0.45778040
exponential,0.60000000,0.20000000,-2.00000000,10,0.44496664
exponential,0.60000000,0.20000000,-2.00000000,11,0.43266537
exponential,0.60000000,0.20000000,-2.00000000,12,0.42085608
exponential,0.60000000,0.20000000,-2.00000000,13,0.40951910
exponential,0.60000000,0.20000000,-2.00000000,14,0.39863553
exponential,0.60000000,0.20000000,-2.00000000,15,0.38818725
exponential,0.60000000,0.20000000,-2.00000000,16,0.37815684
exponential,0.60000000,0.20000000,-2.00000000,17,0.36852760
exponential,0.60000000,0.20000000,-2.00000000,18,0.35928347
exponential,0.60000000,0.20000000,-2.00000000,19,0.35040905
exponential,0.60000000,0.20000000,-2.00000000,20,0.34188957
exponential,0.60000000,0.20000000,-2.00000000,21,0.33371082
exponential,0.60000000,0.20000000,-2.00000000,22,0.32585917
exponential,0.60000000,0.20000000,-2.00000000,23,0.31832155
exponential,0.60000000,0.20000000,-2.00000000,24,0.31108539
exponential,0.60000000,0.20000000,-2.00000000,25,0.30413863
exponential,0.60000000,0.20000000,-2.00000000,26,0.29746971
exponential,0.60000000,0.20000000,-2.00000000,27,0.29106751
exponential,0.60000000,0.20000000,-2.00000000,28,0.28492137
exponential,0.60000000,0.20000000,-2.00000000,29,0.27902103
exponential,0.60000000,0.20000000,-2.00000000,30,0.27335668
exponential,0.60000000,0.20000000,-2.00000000,31,0.26791887
exponential,0.60000000,0.20000000,-2.00000000,32,0.26269854
exponential,0.60000000,0.20000000,-2.00000000,33,0.25768700
exponential,0.60000000,0.20000000,-2.00000000,34,0.25287589
exponential,0.60000000,0.20000000,-2.00000000,35,0.24825720
exponential,0.60000000,0.20000000,-2.00000000,36,0.24382324
exponential,0.60000000,0.20000000,-2.00000000,37,0.23956660
exponential,0.60000000,0.20000000,-2.00000000,38,0.23548021
exponential,0.60000000,0.20000000,-2.00000000,39,0.23155726
exponential,0.60000000,0.20000000,-2.00000000,40,0.22779120
exponential,0.60000000,0.20000000,-2.00000000,41,0.22417576
exponential,0.60000000,0.20000000,-2.00000000,42,0.22070492
exponential,0.60000000,0.20000000,-2.00000000,43,0.21737289
exponential,0.60000000,0.20000000,-2.00000000,44,0.21417413
exponential,0.60000000,0.20000000,-2.00000000,45,0.21110330
exponential,0.60000000,0.20000000,-2.00000000,46,0.20815529
exponential,0.60000000,0.20000000,-2.00000000,47,0.20532518
exponential,0.60000000,0.20000000,-2.00000000,48,0.20260826
exponential,0.60000000,0.20000000,-2.00000000,49,0.20000000
exponential,0.60000000,0.20000000,-1.00000000,0,0.60000000
exponential,0.60000000,0.20000000,-1.00000000,1,0.58721679
exponential,0.60000000,0.20000000,-1.00000000,2,0.57469182
exponential,0.60000000,0.20000000,-1.00000000,3,0.56241986
exponential,0.60000000,0.20000000,-1.00000000,4,0.55039582
exponential,0.60000000,0.20000000,-1.00000000,5,0.53861468
exponential,0.60000000,0.20000000,-1.00000000,6,0.52707153
exponential,0.60000000,0.20000000,-1.00000000,7,0.51576158
exponential,0.60000000,0.20000000,-1.00000000,8,0.50468009
exponential,0.60000000,0.20000000,-1.00000000,9,0.49382247
exponential,0.60000000,0.20000000,-1.00000000,10,0.48318419
exponential,0.60000000,0.20000000,-1.00000000,11,0.47276081
exponential,0.60000000,0.20000000,-1.00000000,12,0.46254800
exponential,0.60000000,0.20000000,-1.00000000,13,0.45254150
exponential,0.60000000,0.20000000,-1.00000000,14,0.44273715
exponential,0.60000000,0.20000000,-1.00000000,15,0.43313085
exponential,0.60000000,0.20000000,-1.00000000,16,0.42371862
exponential,0.60000000,0.20000000,-1.00000000,17,0.41449653
exponential,0.60000000,0.20000000,-1.00000000,18,0.40546073
exponential,0.60000000,0.20000000,-1.00000000,19,0.39660747
exponential,0.60000000,0.20000000,-1.00000000,20,0.38793306
exponential,0.60000000,0.20000000,-1.00000000,21,0.37943388
exponential,0.60000000,0.20000000,-1.00000000,22,0.37110640
exponential,0.60000000,0.20000000,-1.00000000,23,0.36294714
exponential,0.60000000,0.20000000,-1.00000000,24,0.35495271
exponential,0.60000000,0.20000000,-1.00000000,25,0.34711978
exponential,0.60000000,0.20000000,-1.00000000,26,0.33944509
exponential,0.60000000,0.20000000,-1.00000000,27,0.33192543
exponential,0.60000000,0.20000000,-1.00000000,28,0.32455768
exponential,0.60000000,0.20000000,-1.00000000,29,0.31733877
exponential,0.60000000,0.20000000,-1.00000000,30,0.31026569
exponential,0.60000000,0.20000000,-1.00000000,31,0.30333550
exponential,0.60000000,0.20000000,-1.00000000,32,0.29654530
exponential,0.60000000,0.20000000,-1.00000000,33,0.28989228
exponential,0.60000000,0.20000000,-1.00000000,34,0.28337366
exponential,0.60000000,0.20000000,-1.00000000,35,0.27698672
exponential,0.60000000,0.20000000,-1.00000000,36,0.27072880
exponential,0.60000000,0.20000000,-1.00000000,37,0.26459731
exponential,0.60000000,0.20000000,-1.00000000,38,0.25858968
exponential,0.60000000,0.20000000,-1.00000000,39,0.25270341
exponential,0.60000000,0.20000000,-1.00000000,40,0.24693605
exponential,0.60000000,0.20000000,-1.00000000,41,0.24128520
exponential,0.60000000,0.20000000,-1.00000000,42,0.23574850
exponential,0.60000000,0.20000000,-1.00000000,43,0.23032365
exponential,0.60000000,0.20000000,-1.00000000,44,0.22500839
exponential,0.60000000,0.20000000,-1.00000000,45,0.21980051
exponential,0.60000000,0.20000000,-1.00000000,46,0.21469783
exponential,0.60000000,0.20000000,-1.00000000,47,0.20969824
exponential,0.60000000,0.20000000,-1.00000000,48,0.20479964
exponential,0.60000000,0.20000000,-1.00000000,49,0.20000000
exponential,0.60000000,0.20000000,1.00000000,0,0.60000000
exponential,0.60000000,0.20000000,1.00000000,1,0.59520036
exponential,0.60000000,0.20000000,1.00000000,2,0.59030176
exponential,0.60000000,0.20000000,1.00000000,3,0.58530217
exponential,0.60000000,0.20000000,1.00000000,4,0.58019949
exponential,0.60000000,0.20000000,1.00000000,5,0.57499161
exponential,0.60000000,0.20000000,1.00000000,6,0.56967635
exponential,0.60000000,0.20000000,1.00000000,7,0.56425150
exponential,0.60000000,0.20000000,1.00000000,8,0.55871480
exponential,0.60000000,0.20000000,1.00000000,9,0.55306395
exponential,0.60000000,0.20000000,1.00000000,10,0.54729659
exponential,0.60000000,0.20000000,1.00000000,11,0.54141032
exponential,0.60000000,0.20000000,1.00000000,12,0.53540269
exponential,0.60000000,0.20000000,1.00000000,13,0.52927120
exponential,0.60000000,0.20000000,1.00000000,14,0.52301328
exponential,0.60000000,0.20000000,1.00000000,15,0.51662634
exponential,0.60000000,0.20000000,1.00000000,16,0.51010772
exponential,0.60000000,0.20000000,1.00000000,17,0.50345470
exponential,0.60000000,0.20000000,1.00000000,18,0.49666450
exponential,0.60000000,0.20000000,1.00000000,19,0.48973431
exponential,0.60000000,0.20000000,1.00000000,20,0.48266123
exponential,0.60000000,0.20000000,1.00000000,21,0.47544232
exponential,0.60000000,0.20000000,1.00000000,22,0.46807457
exponential,0.60000000,0.20000000,1.00000000,23,0.46055491
exponential,0.60000000,0.20000000,1.00000000,24,0.45288022
exponential,0.60000000,0.20000000,1.00000000,25,0.44504729
exponential,0.60000000,0.20000000,1.00000000,26,0.43705286
exponential,0.60000000,0.20000000,1.00000000,27,0.42889360
exponential,0.60000000,0.20000000,1.00000000,28,0.42056612
exponential,0.60000000,0.20000000,1.00000000,29,0.41206694
exponential,0.60000000,0.20000000,1.00000000,30,0.40339253
exponential,0.60000000,0.20000000,1.00000000,31,0.39453927
exponential,0.60000000,0.20000000,1.00000000,32,0.38550347
exponential,0.60000000,0.20000000,1.00000000,33,0.37628138
exponential,0.60000000,0.20000000,1.00000000,34,0.36686915
exponential,0.60000000,0.20000000,1.00000000,35,0.35726285
exponential,0.60000000,0.20000000,1.00000000,36,0.34745850
exponential,0.60000000,0.20000000,1.00000000,37,0.33745200
exponential,0.60000000,0.20000000,1.00000000,38,0.32723919
exponential,0.60000000,0.20000000,1.00000000,39,0.31681581
exponential,0.60000000,0.20000000,1.00000000,40,0.30617753
exponential,0.60000000,0.20000000,1.00000000,41,0.29531991
exponential,0.60000000,0.20000000,1.00000000,42,0.28423842
exponential,0.60000000,0.20000000,1.00000000,43,0.27292847
exponential,0.60000000,0.20000000,1.00000000,44,0.26138532
exponential,0.60000000,0.20000000,1.00000000,45,0.24960418
exponential,0.60000000,0.20000000,1.00000000,46,0.23758014
exponential,0.60000000,0.20000000,1.00000000,47,0.22530818
exponential,0.60000000,0.20000000,1.00000000,48,0.21278321
exponential,0.60000000,0.20000000,1.00000000,49,0.20000000
exponential,0.60000000,0.20000000,2.00000000,0,0.60000000
exponential,0.60000000,0.20000000,2.00000000,1,0.59739174
exponential,0.60000000,0.20000000,2.00000000,2,0.59467482
exponential,0.60000000,0.20000000,2.00000000,3,0.59184471
exponential,0.60000000,0.20000000,2.00000000,4,0.58889670
exponential,0.60000000,0.20000000,2.00000000,5,0.58582587
exponential,0.60000000,0.20000000,2.00000000,6,0.58262711
exponential,0.60000000,0.20000000,2.00000000,7,0.57929508
exponential,0.60000000,0.20000000,2.00000000,8,0.57582424
exponential,0.60000000,0.20000000,2.00000000,9,0.57220880
exponential,0.60000000,0.20000000,2.00000000,10,0.56844274
exponential,0.60000000,0.20000000,2.00000000,11,0.56451979
exponential,0.60000000,0.20000000,2.00000000,12,0.56043340
exponential,0.60000000,0.20000000,2.00000000,13,0.55617676
exponential,0.60000000,0.20000000,2.00000000,14,0.55174280
exponential,0.60000000,0.20000000,2.00000000,15,0.54712411
exponential,0.60000000,0.20000000,2.00000000,16,0.54231300
exponential,0.60000000,0.20000000,2.00000000,17,0.53730146
exponential,0.60000000,0.20000000,2.00000000,18,0.53208113
exponential,0.60000000,0.20000000,2.00000000,19,0.52664332
exponential,0.60000000,0.20000000,2.00000000,20,0.52097897
exponential,0.60000000,0.20000000,2.00000000,21,0.51507863
exponential,0.60000000,0.20000000,2.00000000,22,0.50893249
exponential,0.60000000,0.20000000,2.00000000,23,0.50253029
exponential,0.60000000,0.20000000,2.00000000,24,0.49586137
exponential,0.60000000,0.20000000,2.00000000,25,0.48891461
exponential,0.60000000,0.20000000,2.00000000,26,0.48167845
exponential,0.60000000,0.20000000,2.00000000,27,0.47414083
exponential,0.60000000,0.20000000,2.00000000,28,0.46628918
exponential,0.60000000,0.20000000,2.00000000,29,0.45811043
exponential,0.60000000,0.20000000,2.00000000,30,0.44959095
exponential,0.60000000,0.20000000,2.00000000,31,0.44071653
exponential,0.60000000,0.20000000,2.00000000,32,0.43147240
exponential,0.60000000,0.20000000,2.00000000,33,0.42184316
exponential,0.60000000,0.20000000,2.00000000,34,0.41181275
exponential,0.60000000,0.20000000,2.00000000,35,0.40136447
exponential,0.60000000,0.20000000,2.00000000,36,0.39048090
exponential,0.60000000,0.20000000,2.00000000,37,0.37914392
exponential,0.60000000,0.20000000,2.00000000,38,0.36733463
exponential,0.60000000,0.20000000,2.00000000,39,0.35503336
exponential,0.60000000,0.20000000,2.00000000,40,0.34221960
exponential,0.60000000,0.20000000,2.00000000,41,0.32887201
exponential,0.60000000,0.20000000,2.00000000,42,0.31496836
exponential,0.60000000,0.20000000,2.00000000,43,0.30048546
exponential,0.60000000,0.20000000,2.00000000,44,0.28539920
exponential,0.60000000,0.20000000,2.00000000,45,0.26968444
exponential,0.60000000,0.20000000,2.00000000,46,0.25331498
exponential,0.60000000,0.20000000,2.00000000,47,0.23626356
exponential,0.60000000,0.20000000,2.00000000,48,0.21850177
exponential,0.60000000,0.20000000,2.00000000,49,0.20000000
exponential,0.60000000,0.20000000,4.00000000,0,0.60000000
exponential,0.60000000,0.20000000,4.00000000,1,0.59936522
exponential,0.60000000,0.20000000,4.00000000,2,0.59867645
exponential,0.60000000,0.20000000,4.00000000,3,0.59792910
exponential,0.60000000,0.20000000,4.00000000,4,0.59711818
exponential,0.60000000,0.20000000,4.00000000,5,0.59623828
exponential,0.60000000,0.20000000,4.00000000,6,0.59528355
exponential,0.60000000,0.20000000,4.00000000,7,0.59424760
exponential,0.60000000,0.20000000,4.00000000,8,0.59312354
exponential,0.60000000,0.20000000,4.00000000,9,0.59190387
exponential,0.60000000,0.20000000,4.00000000,10,0.59058046
exponential,0.60000000,0.20000000,4.00000000,11,0.58914449
exponential,0.60000000,0.20000000,4.00000000,12,0.58758637
exponential,0.60000000,0.20000000,4.00000000,13,0.58589573
exponential,0.60000000,0.20000000,4.00000000,14,0.58406128
exponential,0.60000000,0.20000000,4.00000000,15,0.58207080
exponential,0.60000000,0.20000000,4.00000000,16,0.57991102
exponential,0.60000000,0.20000000,4.00000000,17,0.57756753
exponential,0.60000000,0.20000000,4.00000000,18,0.57502471
exponential,0.60000000,0.20000000,4.00000000,19,0.57226561
exponential,0.60000000,0.20000000,4.00000000,20,0.56927182
exponential,0.60000000,0.20000000,4.00000000,21,0.56602340
exponential,0.60000000,0.20000000,4.00000000,22,0.56249867
exponential,0.60000000,0.20000000,4.00000000,23,0.55867413
exponential,0.60000000,0.20000000,4.00000000,24,0.55452430
exponential,0.60000000,0.20000000,4.00000000,25,0.55002149
exponential,0.60000000,0.20000000,4.00000000,26,0.54513568
exponential,0.60000000,0.20000000,4.00000000,27,0.53983430
exponential,0.60000000,0.20000000,4.00000000,28,0.53408200
exponential,0.60000000,0.20000000,4.00000000,29,0.52784043
exponential,0.60000000,0.20000000,4.00000000,30,0.52106796
exponential,0.60000000,0.20000000,4.00000000,31,0.51371945
exponential,0.60000000,0.20000000,4.00000000,32,0.50574590
exponential,0.60000000,0.20000000,4.00000000,33,0.49709414
exponential,0.60000000,0.20000000,4.00000000,34,0.48770648
exponential,0.60000000,0.20000000,4.00000000,35,0.47752034
exponential,0.60000000,0.20000000,4.00000000,36,0.46646779
exponential,0.60000000,0.20000000,4.00000000,37,0.45447515
exponential,0.60000000,0.20000000,4.00000000,38,0.44146244
exponential,0.60000000,0.20000000,4.00000000,39,0.42734291
exponential,0.60000000,0.20000000,4.00000000,40,0.41202242
exponential,0.60000000,0.20000000,4.00000000,41,0.39539881
exponential,0.60000000,0.20000000,4.00000000,42,0.37736124
exponential,0.60000000,0.20000000,4.00000000,43,0.35778944
exponential,0.60000000,0.20000000,4.00000000,44,0.33655293
exponential,0.60000000,0.20000000,4.00000000,45,0.31351009
exponential,0.60000000,0.20000000,4.00000000,46,0.28850730
exponential,0.60000000,0.20000000,4.00000000,47,0.26137785
exponential,0.60000000,0.20000000,4.00000000,48,0.23194084
exponential,0.60000000,0.20000000,4.00000000,49,0.20000000
logarithmic,0.60000000,0.20000000,-9.00000000,0,0.60000000
logarithmic,0.60000000,0.20000000,-9.00000000,1,0.59677960
logarithmic,0.60000000,0.20000000,-9.00000000,2,0.59349837
logarithmic,0.60000000,0.20000000,-9.00000000,3,0.59015396
logarithmic,0.60000000,0.20000000,-9.00000000,4,0.58674391
logarithmic,0.60000000,0.20000000,-9.00000000,5,0.58326557
logarithmic,0.60000000,0.20000000,-9.00000000,6,0.57971616
logarithmic,0.60000000,0.20000000,-9.00000000,7,0.57609272
logarithmic,0.60000000,0.20000000,-9.00000000,8,0.57239208
logarithmic,0.60000000,0.20000000,-9.00000000,9,0.56861089
logarithmic,0.60000000,0.20000000,-9.00000000,10,0.56474556
logarithmic,0.60000000,0.20000000,-9.00000000,11,0.56079227
logarithmic,0.60000000,0.20000000,-9.00000000,12,0.55674691
logarithmic,0.60000000,0.20000000,-9.00000000,13,0.55260510
logarithmic,0.60000000,0.20000000,-9.00000000,14,0.54836212
logarithmic,0.60000000,0.20000000,-9.00000000,15,0.54401291
logarithmic,0.60000000,0.20000000,-9.00000000,16,0.53955201
logarithmic,0.60000000,0.20000000,-9.00000000,17,0.53497353
logarithmic,0.60000000,0.20000000,-9.00000000,18,0.53027111
logarithmic,0.60000000,0.20000000,-9.00000000,19,0.52543784
logarithmic,0.60000000,0.20000000,-9.00000000,20,0.52046625
logarithmic,0.60000000,0.20000000,-9.00000000,21,0.51534817
logarithmic,0.60000000,0.20000000,-9.00000000,22,0.51007471
logarithmic,0.60000000,0.20000000,-9.00000000,23,0.50463614
logarithmic,0.60000000,0.20000000,-9.00000000,24,0.49902179
logarithmic,0.60000000,0.20000000,-9.00000000,25,0.49321992
logarithmic,0.60000000,0.20000000,-9.00000000,26,0.48721755
logarithmic,0.60000000,0.20000000,-9.00000000,27,0.48100035
logarithmic,0.60000000,0.20000000,-9.00000000,28,0.47455235
logarithmic,0.60000000,0.20000000,-9.00000000,29,0.46785576
logarithmic,0.60000000,0.20000000,-9.00000000,30,0.46089064
logarithmic,0.60000000,0.20000000,-9.00000000,31,0.45363455
logarithmic,0.60000000,0.20000000,-9.00000000,32,0.44606212
logarithmic,0.60000000,0.20000000,-9.00000000,33,0.43814449
logarithmic,0.60000000,0.20000000,-9.00000000,34,0.42984870
logarithmic,0.60000000,0.20000000,-9.00000000,35,0.42113679
logarithmic,0.60000000,0.20000000,-9.00000000,36,0.41196480
logarithmic,0.60000000,0.20000000,-9.00000000,37,0.40228143
logarithmic,0.60000000,0.20000000,-9.00000000,38,0.39202625
logarithmic,0.60000000,0.20000000,-9.00000000,39,0.38112749
logarithmic,0.60000000,0.20000000,-9.00000000,40,0.36949891
logarithmic,0.60000000,0.20000000,-9.00000000,41,0.35703572
logarithmic,0.60000000,0.20000000,-9.00000000,42,0.34360878
logarithmic,0.60000000,0.20000000,-9.00000000,43,0.32905646
logarithmic,0.60000000,0.20000000,-9.00000000,44,0.31317271
logarithmic,0.60000000,0.20000000,-9.00000000,45,0.29568914
logarithmic,0.60000000,0.20000000,-9.00000000,46,0.27624700
logarithmic,0.60000000,0.20000000,-9.00000000,47,0.25435149
logarithmic,0.60000000,0.20000000,-9.00000000,48,0.22929277
logarithmic,0.60000000,0.20000000,-9.00000000,49,0.20000000
logarithmic,0.60000000,0.20000000,-3.00000000,0,0.60000000
logarithmic,0.60000000,0.20000000,-3.00000000,1,0.59554944
logarithmic,0.60000000,0.20000000,-3.00000000,2,0.59102915
logarithmic,0.60000000,0.20000000,-3.00000000,3,0.58643692
logarithmic,0.60000000,0.20000000,-3.00000000,4,0.58177042
logarithmic,0.60000000,0.20000000,-3.00000000,5,0.57702721
logarithmic,0.60000000,0.20000000,-3.00000000,6,0.57220472
logarithmic,0.60000000,0.20000000,-3.00000000,7,0.56730025
logarithmic,0.60000000,0.20000000,-3.00000000,8,0.56231098
logarithmic,0.60000000,0.20000000,-3.00000000,9,0.55723392
logarithmic,0.60000000,0.20000000,-3.00000000,10,0.55206592
logarithmic,0.60000000,0.20000000,-3.00000000,11,0.54680366
logarithmic,0.60000000,0.20000000,-3.00000000,12,0.54144365
logarithmic,0.60000000,0.20000000,-3.00000000,13,0.53598218
logarithmic,0.60000000,0.20000000,-3.00000000,14,0.53041534
logarithmic,0.60000000,0.20000000,-3.00000000,15,0.52473898
logarithmic,0.60000000,0.20000000,-3.00000000,16,0.51894870
logarithmic,0.60000000,0.20000000,-3.00000000,17,0.51303985
logarithmic,0.60000000,0.20000000,-3.00000000,18,0.50700746
logarithmic,0.60000000,0.20000000,-3.00000000,19,0.50084625
logarithmic,0.60000000,0.20000000,-3.00000000,20,0.49455060
logarithmic,0.60000000,0.20000000,-3.00000000,21,0.48811452
logarithmic,0.60000000,0.20000000,-3.00000000,22,0.48153159
logarithmic,0.60000000,0.20000000,-3.00000000,23,0.47479497
logarithmic,0.60000000,0.20000000,-3.00000000,24,0.46789729
logarithmic,0.60000000,0.20000000,-3.00000000,25,0.46083068
logarithmic,0.60000000,0.20000000,-3.00000000,26,0.45358664
logarithmic,0.60000000,0.20000000,-3.00000000,27,0.44615604
logarithmic,0.60000000,0.20000000,-3.00000000,28,0.43852902
logarithmic,0.60000000,0.20000000,-3.00000000,29,0.43069490
logarithmic,0.60000000,0.20000000,-3.00000000,30,0.42264212
logarithmic,0.60000000,0.20000000,-3.00000000,31,0.41435814
logarithmic,0.60000000,0.20000000,-3.00000000,32,0.40582927
logarithmic,0.60000000,0.20000000,-3.00000000,33,0.39704060
logarithmic,0.60000000,0.20000000,-3.00000000,34,0.38797580
logarithmic,0.60000000,0.20000000,-3.00000000,35,0.37861696
logarithmic,0.60000000,0.20000000,-3.00000000,36,0.36894435
logarithmic,0.60000000,0.20000000,-3.00000000,37,0.35893622
logarithmic,0.60000000,0.20000000,-3.00000000,38,0.34856843
logarithmic,0.60000000,0.20000000,-3.00000000,39,0.33781418
logarithmic,0.60000000,0.20000000,-3.00000000,40,0.32664353
logarithmic,0.60000000,0.20000000,-3.00000000,41,0.31502294
logarithmic,0.60000000,0.20000000,-3.00000000,42,0.30291463
logarithmic,0.60000000,0.20000000,-3.00000000,43,0.29027587
logarithmic,0.60000000,0.20000000,-3.00000000,44,0.27705803
logarithmic,0.60000000,0.20000000,-3.00000000,45,0.26320550
logarithmic,0.60000000,0.20000000,-3.00000000,46,0.24865423
logarithmic,0.60000000,0.20000000,-3.00000000,47,0.23332997
logarithmic,0.60000000,0.20000000,-3.00000000,48,0.21714597
logarithmic,0.60000000,0.20000000,-3.00000000,49,0.20000000
logarithmic,0.60000000,0.20000000,-1.00000000,0,0.60000000
logarithmic,0.60000000,0.20000000,-1.00000000,1,0.59408120
logarithmic,0.60000000,0.20000000,-1.00000000,2,0.58810106
logarithmic,0.60000000,0.20000000,-1.00000000,3,0.58205831
logarithmic,0.60000000,0.20000000,-1.00000000,4,0.57595160
logarithmic,0.60000000,0.20000000,-1.00000000,5,0.56977959
logarithmic,0.60000000,0.20000000,-1.00000000,6,0.56354084
logarithmic,0.60000000,0.20000000,-1.00000000,7,0.55723392
logarithmic,0.60000000,0.20000000,-1.00000000,8,0.55085730
logarithmic,0.60000000,0.20000000,-1.00000000,9,0.54440943
logarithmic,0.60000000,0.20000000,-1.00000000,10,0.53788871
logarithmic,0.60000000,0.20000000,-1.00000000,11,0.53129346
logarithmic,0.60000000,0.20000000,-1.00000000,12,0.52462196
logarithmic,0.60000000,0.20000000,-1.00000000,13,0.51787244
logarithmic,0.60000000,0.20000000,-1.00000000,14,0.51104303
logarithmic,0.60000000,0.20000000,-1.00000000,15,0.50413183
logarithmic,0.60000000,0.20000000,-1.00000000,16,0.49713686
logarithmic,0.60000000,0.20000000,-1.00000000,17,0.49005606
logarithmic,0.60000000,0.20000000,-1.00000000,18,0.48288730
logarithmic,0.60000000,0.20000000,-1.00000000,19,0.47562836
logarithmic,0.60000000,0.20000000,-1.00000000,20,0.46827695
logarithmic,0.60000000,0.20000000,-1.00000000,21,0.46083068
logarithmic,0.60000000,0.20000000,-1.00000000,22,0.45328707
logarithmic,0.60000000,0.20000000,-1.00000000,23,0.44564354
logarithmic,0.60000000,0.20000000,-1.00000000,24,0.43789741
logarithmic,0.60000000,0.20000000,-1.00000000,25,0.43004589
logarithmic,0.60000000,0.20000000,-1.00000000,26,0.42208606
logarithmic,0.60000000,0.20000000,-1.00000000,27,0.41401491
logarithmic,0.60000000,0.20000000,-1.00000000,28,0.40582927
logarithmic,0.60000000,0.20000000,-1.00000000,29,0.39752585
logarithmic,0.60000000,0.20000000,-1.00000000,30,0.38910120
logarithmic,0.60000000,0.20000000,-1.00000000,31,0.38055174
logarithmic,0.60000000,0.20000000,-1.00000000,32,0.37187371
logarithmic,0.60000000,0.20000000,-1.00000000,33,0.36306319
logarithmic,0.60000000,0.20000000,-1.00000000,34,0.35411606
logarithmic,0.60000000,0.20000000,-1.00000000,35,0.34502803
logarithmic,0.60000000,0.20000000,-1.00000000,36,0.33579459
logarithmic,0.60000000,0.20000000,-1.00000000,37,0.32641100
logarithmic,0.60000000,0.20000000,-1.00000000,38,0.31687230
logarithmic,0.60000000,0.20000000,-1.00000000,39,0.30717328
logarithmic,0.60000000,0.20000000,-1.00000000,40,0.29730846
logarithmic,0.60000000,0.20000000,-1.00000000,41,0.28727207
logarithmic,0.60000000,0.20000000,-1.00000000,42,0.27705803
logarithmic,0.60000000,0.20000000,-1.00000000,43,0.26665995
logarithmic,0.60000000,0.20000000,-1.00000000,44,0.25607106
logarithmic,0.60000000,0.20000000,-1.00000000,45,0.24528424
logarithmic,0.60000000,0.20000000,-1.00000000,46,0.23429195
logarithmic,0.60000000,0.20000000,-1.00000000,47,0.22308620
logarithmic,0.60000000,0.20000000,-1.00000000,48,0.21165854
logarithmic,0.60000000,0.20000000,-1.00000000,49,0.20000000
logarithmic,0.60000000,0.20000000,1.00000000,0,0.60000000
logarithmic,0.60000000,0.20000000,1.00000000,1,0.58834146
logarithmic,0.60000000,0.20000000,1.00000000,2,0.57691380
logarithmic,0.60000000,0.20000000,1.00000000,3,0.56570805
logarithmic,0.60000000,0.20000000,1.00000000,4,0.55471576
logarithmic,0.60000000,0.20000000,1.00000000,5,0.54392894
logarithmic,0.60000000,0.20000000,1.00000000,6,0.53334005
logarithmic,0.60000000,0.20000000,1.00000000,7,0.52294197
logarithmic,0.60000000,0.20000000,1.00000000,8,0.51272793
logarithmic,0.60000000,0.20000000,1.00000000,9,0.50269154
logarithmic,0.60000000,0.20000000,1.00000000,10,0.49282672
logarithmic,0.60000000,0.20000000,1.00000000,11,0.48312770
logarithmic,0.60000000,0.20000000,1.00000000,12,0.47358900
logarithmic,0.60000000,0.20000000,1.00000000,13,0.46420541
logarithmic,0.60000000,0.20000000,1.00000000,14,0.45497197
logarithmic,0.60000000,0.20000000,1.00000000,15,0.44588394
logarithmic,0.60000000,0.20000000,1.00000000,16,0.43693681
logarithmic,0.60000000,0.20000000,1.00000000,17,0.42812629
logarithmic,0.60000000,0.20000000,1.00000000,18,0.41944826
logarithmic,0.60000000,0.20000000,1.00000000,19,0.41089880
logarithmic,0.60000000,0.20000000,1.00000000,20,0.40247415
logarithmic,0.60000000,0.20000000,1.00000000,21,0.39417073
logarithmic,0.60000000,0.20000000,1.00000000,22,0.38598509
logarithmic,0.60000000,0.20000000,1.00000000,23,0.37791394
logarithmic,0.60000000,0.20000000,1.00000000,24,0.36995411
logarithmic,0.60000000,0.20000000,1.00000000,25,0.36210259
logarithmic,0.60000000,0.20000000,1.00000000,26,0.35435646
logarithmic,0.60000000,0.20000000,1.00000000,27,0.34671293
logarithmic,0.60000000,0.20000000,1.00000000,28,0.33916932
logarithmic,0.60000000,0.20000000,1.00000000,29,0.33172305
logarithmic,0.60000000,0.20000000,1.00000000,30,0.32437164
logarithmic,0.60000000,0.20000000,1.00000000,31,0.31711270
logarithmic,0.60000000,0.20000000,1.00000000,32,0.30994394
logarithmic,0.60000000,0.20000000,1.00000000,33,0.30286314
logarithmic,0.60000000,0.20000000,1.00000000,34,0.29586817
logarithmic,0.60000000,0.20000000,1.00000000,35,0.28895697
logarithmic,0.60000000,0.20000000,1.00000000,36,0.28212756
logarithmic,0.60000000,0.20000000,1.00000000,37,0.27537804
logarithmic,0.60000000,0.20000000,1.00000000,38,0.26870654
logarithmic,0.60000000,0.20000000,1.00000000,39,0.26211129
logarithmic,0.60000000,0.20000000,1.00000000,40,0.25559057
logarithmic,0.60000000,0.20000000,1.00000000,41,0.24914270
logarithmic,0.60000000,0.20000000,1.00000000,42,0.24276608
logarithmic,0.60000000,0.20000000,1.00000000,43,0.23645916
logarithmic,0.60000000,0.20000000,1.00000000,44,0.23022041
logarithmic,0.60000000,0.20000000,1.00000000,45,0.22404840
logarithmic,0.60000000,0.20000000,1.00000000,46,0.21794169
logarithmic,0.60000000,0.20000000,1.00000000,47,0.21189894
logarithmic,0.60000000,0.20000000,1.00000000,48,0.20591880
logarithmic,0.60000000,0.20000000,1.00000000,49,0.20000000
logarithmic,0.60000000,0.20000000,3.00000000,0,0.60000000
logarithmic,0.60000000,0.20000000,3.00000000,1,0.58285403
logarithmic,0.60000000,0.20000000,3.00000000,2,0.56667003
logarithmic,0.60000000,0.20000000,3.00000000,3,0.55134577
logarithmic,0.60000000,0.20000000,3.00000000,4,0.53679450
logarithmic,0.60000000,0.20000000,3.00000000,5,0.52294197
logarithmic,0.60000000,0.20000000,3.00000000,6,0.50972413
logarithmic,0.60000000,0.20000000,3.00000000,7,0.49708537
logarithmic,0.60000000,0.20000000,3.00000000,8,0.48497706
logarithmic,0.60000000,0.20000000,3.00000000,9,0.47335647
logarithmic,0.60000000,0.20000000,3.00000000,10,0.46218582
logarithmic,0.60000000,0.20000000,3.00000000,11,0.45143157
logarithmic,0.60000000,0.20000000,3.00000000,12,0.44106378
logarithmic,0.60000000,0.20000000,3.00000000,13,0.43105565
logarithmic,0.60000000,0.20000000,3.00000000,14,0.42138304
logarithmic,0.60000000,0.20000000,3.00000000,15,0.41202420
logarithmic,0.60000000,0.20000000,3.00000000,16,0.40295940
logarithmic,0.60000000,0.20000000,3.00000000,17,0.39417073
logarithmic,0.60000000,0.20000000,3.00000000,18,0.38564186
logarithmic,0.60000000,0.20000000,3.00000000,19,0.37735788
logarithmic,0.60000000,0.20000000,3.00000000,20,0.36930510
logarithmic,0.60000000,0.20000000,3.00000000,21,0.36147098
logarithmic,0.60000000,0.20000000,3.00000000,22,0.35384396
logarithmic,0.60000000,0.20000000,3.00000000,23,0.34641336
logarithmic,0.60000000,0.20000000,3.00000000,24,0.33916932
logarithmic,0.60000000,0.20000000,3.00000000,25,0.33210271
logarithmic,0.60000000,0.20000000,3.00000000,26,0.32520503
logarithmic,0.60000000,0.20000000,3.00000000,27,0.31846841
logarithmic,0.60000000,0.20000000,3.00000000,28,0.31188548
logarithmic,0.60000000,0.20000000,3.00000000,29,0.30544940
logarithmic,0.60000000,0.20000000,3.00000000,30,0.29915375
logarithmic,0.60000000,0.20000000,3.00000000,31,0.29299254
logarithmic,0.60000000,0.20000000,3.00000000,32,0.28696015
logarithmic,0.60000000,0.20000000,3.00000000,33,0.28105130
logarithmic,0.60000000,0.20000000,3.00000000,34,0.27526102
logarithmic,0.60000000,0.20000000,3.00000000,35,0.26958466
logarithmic,0.60000000,0.20000000,3.00000000,36,0.26401782
logarithmic,0.60000000,0.20000000,3.00000000,37,0.25855635
logarithmic,0.60000000,0.20000000,3.00000000,38,0.25319634
logarithmic,0.60000000,0.20000000,3.00000000,39,0.24793408
logarithmic,0.60000000,0.20000000,3.00000000,40,0.24276608
logarithmic,0.60000000,0.20000000,3.00000000,41,0.23768902
logarithmic,0.60000000,0.20000000,3.00000000,42,0.23269975
logarithmic,0.60000000,0.20000000,3.00000000,43,0.22779528
logarithmic,0.60000000,0.20000000,3.00000000,44,0.22297279
logarithmic,0.60000000,0.20000000,3.00000000,45,0.21822958
logarithmic,0.60000000,0.20000000,3.00000000,46,0.21356308
logarithmic,0.60000000,0.20000000,3.00000000,47,0.20897085
logarithmic,0.60000000,0.20000000,3.00000000,48,0.20445056
logarithmic,0.60000000,0.20000000,3.00000000,49,0.20000000
logarithmic,0.60000000,0.20000000,9.00000000,0,0.60000000
logarithmic,0.60000000,0.20000000,9.00000000,1,0.57070723
logarithmic,0.60000000,0.20000000,9.00000000,2,0.54564851
logarithmic,0.60000000,0.20000000,9.00000000,3,0.52375300
logarithmic,0.60000000,0.20000000,9.00000000,4,0.50431086
logarithmic,0.60000000,0.20000000,9.00000000,5,0.48682729
logarithmic,0.60000000,0.20000000,9.00000000,6,0.47094354
logarithmic,0.60000000,0.20000000,9.00000000,7,0.45639122
logarithmic,0.60000000,0.20000000,9.00000000,8,0.44296428
logarithmic,0.60000000,0.20000000,9.00000000,9,0.43050109
logarithmic,0.60000000,0.20000000,9.00000000,10,0.41887251
logarithmic,0.60000000,0.20000000,9.00000000,11,0.40797375
logarithmic,0.60000000,0.20000000,9.00000000,12,0.39771857
logarithmic,0.60000000,0.20000000,9.00000000,13,0.38803520
logarithmic,0.60000000,0.20000000,9.00000000,14,0.37886321
logarithmic,0.60000000,0.20000000,9.00000000,15,0.37015130
logarithmic,0.60000000,0.20000000,9.00000000,16,0.36185551
logarithmic,0.60000000,0.20000000,9.00000000,17,0.35393788
logarithmic,0.60000000,0.20000000,9.00000000,18,0.34636545
logarithmic,0.60000000,0.20000000,9.00000000,19,0.33910936
logarithmic,0.60000000,0.20000000,9.00000000,20,0.33214424
logarithmic,0.60000000,0.20000000,9.00000000,21,0.32544765
logarithmic,0.60000000,0.20000000,9.00000000,22,0.31899965
logarithmic,0.60000000,0.20000000,9.00000000,23,0.31278245
logarithmic,0.60000000,0.20000000,9.00000000,24,0.30678008
logarithmic,0.60000000,0.20000000,9.00000000,25,0.30097821
logarithmic,0.60000000,0.20000000,9.00000000,26,0.29536386
logarithmic,0.60000000,0.20000000,9.00000000,27,0.28992529
logarithmic,0.60000000,0.20000000,9.00000000,28,0.28465183
logarithmic,0.60000000,0.20000000,9.00000000,29,0.27953375
logarithmic,0.60000000,0.20000000,9.00000000,30,0.27456216
logarithmic,0.60000000,0.20000000,9.00000000,31,0.26972889
logarithmic,0.60000000,0.20000000,9.00000000,32,0.26502647
logarithmic,0.60000000,0.20000000,9.00000000,33,0.26044799
logarithmic,0.60000000,0.20000000,9.00000000,34,0.25598709
logarithmic,0.60000000,0.20000000,9.00000000,35,0.25163788
logarithmic,0.60000000,0.20000000,9.00000000,36,0.24739490
logarithmic,0.60000000,0.20000000,9.00000000,37,0.24325309
logarithmic,0.60000000,0.20000000,9.00000000,38,0.23920773
logarithmic,0.60000000,0.20000000,9.00000000,39,0.23525444
logarithmic,0.60000000,0.20000000,9.00000000,40,0.23138911
logarithmic,0.60000000,0.20000000,9.00000000,41,0.22760792
logarithmic,0.60000000,0.20000000,9.00000000,42,0.22390728
logarithmic,0.60000000,0.20000000,9.00000000,43,0.22028384
logarithmic,0.60000000,0.20000000,9.00000000,44,0.21673443
logarithmic,0.60000000,0.20000000,9.00000000,45,0.21325609
logarithmic,0.60000000,0.20000000,9.00000000,46,0.20984604
logarithmic,0.60000000,0.20000000,9.00000000,47,0.20650163
logarithmic,0.60000000,0.20000000,9.00000000,48,0.20322040
logarithmic,0.60000000,0.20000000,9.00000000,49,0.20000000
